n,lambda_n,lambda_n_over_n
1,0.0230957089661210338143102479065,0.0230957089661210338143102479065
2,0.0923457352280466703857284861921,0.0461728676140233351928642430961
3,0.207638920554324803791492046618,0.0692129735181082679304973488726
4,0.368790479492241638590511489638,0.0921976198730604096476278724095
5,0.575542714461177452431106405493,0.115108542892235490486221281099
6,0.827566012282379297425002822021,0.137927668713729882904167137003
7,1.12446011757095949058282010802,0.160637159652994212940402872574
8,1.46575567714706063265551454198,0.183219459643382579081939317747
9,1.85091604838253415532604486792,0.205657338709170461702893874213
10,2.27933936319315774369303405737,0.227933936319315774369303405737
11,2.75036083822019606035454709285,0.250032803474563278214049735714
12,3.26325532062461984807908598991,0.271937943385384987339923832493
13,3.81724005784794598710436795129,0.293633850603688152854182150099
14,4.41147767868059851208064129686,0.315105548477185608005760092633
15,5.04507937202679345853511143754,0.336338624801786230569007429169
16,5.71710824886879263941906666985,0.357319265554299539963691666865
17,6.42658287211720290114554096094,0.378034286595129582420325938879
18,7.17248093829172295925297072632,0.398471163238429053291831707018
19,7.95374309431190030480822507789,0.4186180575953631739372750041
20,8.76927687209321512959946135345,0.438463843604660756479973067672
21,9.61796072314291898236139613985,0.457998129673472332493399816183
22,10.4986481349348746970875628714,0.477211278860676122594889221428
23,11.4101718105151008409117857854,0.496094426544134819170077642845
24,12.351347892551317017034057688,0.514639495522971542376419070335
25,13.3209802128915757999433578818,0.532839208515663031997734315271
26,14.3178645486396692711037570121,0.550687098024602664273221423541
27,15.3407928657885830389175335614,0.5681775135477252977376864282
28,16.3885575315775611960869430797,0.585305626127770042717390824274
29,17.4599554769526193644593087507,0.602067430239745495326183060368
30,18.5537922908134356231346758148,0.618459743027114520771155860493
31,19.6688862281198608711003255942,0.63448020090709228616452663207
32,20.8040721144067936954542434445,0.65012725357521230298294510764
33,21.9582051298144155213668430189,0.665400155448921682465661909663
34,23.1301644563789302386114120571,0.680298954599380301135629766386
35,24.3188567730437586142301918432,0.69482447922982167469229119552
36,25.5232195836389873291810398505,0.708978321767749648032806662514
37,26.7422243639337950045026654663,0.722762820646859324446017985575
38,27.9748795147882664589944370729,0.736181039862849117341958870339
39,29.2202331094128403357391017977,0.749236746395201034249720558916
40,30.4773754237807012515449598899,0.761934385594517531288623997247
41,31.7454412403255458470503184012,0.774279054642086484074398009786
42,33.0236119161889014809774662945,0.786276474194973844785177768917
43,34.311117208451921658302447986,0.797932958336091201355870883396
44,35.6072368499905024561323536609,0.809255382954329601275735310476
45,36.9113018708236810857598252265,0.820251152684970690794662782811
46,38.2226956610774859868568330688,0.830928166545162738844713762365
47,39.5408547729535053830258563846,0.841294782403266071979273540099
48,40.8652694603671600084821574264,0.851359780424315833510044946383
49,42.1954839561987029736869807207,0.861132325636708223952795524912
50,43.5310964883740192989519699849,0.870621929767480385979039399697
51,44.8717590372560812678223053309,0.879838412495217279761221673155
52,46.2171768380752143091587724561,0.888791862270677198253053316464
53,47.5671076333510124656767918709,0.897492596855679480484467771148
54,48.9213606814548038946590431511,0.905951123730644516567760058354
55,50.2797955286231466998655825455,0.91417810052042084908846513719
56,51.6423205528542543413510395488,0.922184295586683113238411420515
57,53.0088912891950358583833102288,0.929980548933246243129531758399
58,54.3795085469513514990220711163,0.937577733568126749983139157178
59,55.7542163303231516711772592864,0.944986717463104265613173886211
60,57.1330995748746938396527491237,0.952218326247911563994212485394
61,58.5162817130936334835388074694,0.959283306772026778418668974909
62,59.9039220830674064402498671133,0.966192291662377523229836566344
63,61.2962131950072553155259403522,0.972955765000115163738506989717
64,62.6933778709761642000789388702,0.979584029234002565626233419847
65,64.0956662737238997439726986225,0.9860871734419061499072722865
66,65.5033528409977571119006041197,0.992475043045420562301524304844
67,66.916733142079331661347802342,0.998757211075810920318623915553
68,68.3361206735939576501555843277,1.00494295108226408309052329894
69,69.7618436118490795345060538279,1.01104121176592868890588483809
70,71.1942415390798905334829857242,1.01706059341542700762118551035
71,72.6336621610146675104241080162,1.02300932621147419028766349319
72,74.0804580331183722828199278704,1.02889525045997739281694344264
73,75.5349833127317391768009691025,1.03472579880454437228494478223
74,76.9975905540951267648301958913,1.04050798046074495628148913367
75,78.4686275629332109669719097742,1.04624836750577614622629213032
76,79.948434326879895625177535093,1.05195308324841967927865177754
77,81.4373400375447905266236846133,1.05762779269538688995615174822
78,82.9356602194658363230667739991,1.06327769512135687593675351281
79,84.4436939805601136631956170915,1.06890751874126726155943819103
80,85.9617213979799098021938446239,1.0745215174747488725274230578
81,87.4900010525074394151748810922,1.08012346978404246191573927274
82,89.02876772378327760070518079,1.0857166795583326536671363511
83,90.5782302577649326298544456906,1.09130397900921605578137886374
84,92.1385696168577324117988755909,1.09688773353402062394998661418
85,93.7099371221552647815990819433,1.10246984849594429154822449345
86,95.2924528961761897273219696807,1.10805177786251383403862755443
87,96.8862045133937467182299550315,1.11363453463670973239344775898
88,98.4912458647293231358499911909,1.11921870300828776290738626353
89,100.107596241027808455869734875,1.12480445214637987029067117837
90,101.73523963935604935653198691,1.13039155154840054840591096566
91,103.374124294772567618174009292,1.13597938785464360019971438783
92,105.024162439012907623547066502,1.14156698303274899590812028806
93,106.685230286326692614752376685,1.14715301383146981306185351274
94,108.357168245495853819690580736,1.15273583239889206191160192273
95,110.03978135586470435101559969,1.15831348795647057211595368095
96,111.73283994402766467623462163,1.16388374941695484037744397531
97,113.436080496655536064463490019,1.1694441288315003717985926806
98,115.149206743802183353914016676,1.17499190554900187095830629261
99,116.871890945926112522274594863,1.18052415096895063153812722084
100,118.603775376791329927364698398,1.18603775376791329927364698398
101,120.344473993384472723224414263,1.19152944547905418537845954716
102,122.093574283005706575269017605,1.19699582630397751544381389809
103,123.850639276764252736251314081,1.20243339103654614307040110758
104,125.615209717840314894390802485,1.20783855497923379706145002389
105,127.386806372068014331336887611,1.21320767973398108886987512011
106,129.16493246765277948539641647,1.21853709875144131589996619312
107,130.949076250165204571037387445,1.22382314252490845393492885462
108,132.738713638355066266742563246,1.22906216331810246543280151154
109,134.53331096580696882947496035,1.23425055931932998926123816834
110,136.33232779301558889291291623,1.23938479811832353539011742027
111,138.135219774095922589760753731,1.24446143940626957288072751109
112,139.941441562064097802435496243,1.24947715680414373037888835931
113,141.750449736428580033869444339,1.25442875872945646047672074636
114,143.561705736720919994868762328,1.25931320821685017539358563445
115,145.374678785570079934657145555,1.264127641613652868997018657
116,147.188848784984913963630599019,1.2688693860774561548588844743
117,149.003709169655209394098319475,1.27353597580901888371024204679
118,150.818769701312031944209076139,1.27812516696027145715431420457
119,152.633559188501738341412011717,1.28263495116388015412951270351
120,154.447628116523282871810042022,1.28706356763769402393175035018
121,156.260551172753292224199697881,1.29140951382440737375371651141
122,158.071929653135353569280817473,1.29567155453389634073180997929
123,159.881393736236200247884871093,1.29984872956289593697467374872
124,161.688604611968756329786127979,1.30394035977394158330472683854
125,163.493256452846723223566804029,1.30794605162277378578853443223
126,165.295078216463623229698650227,1.3118657001306636764261797637
127,167.093835268776698325383465727,1.3156994903053283332707359506
128,168.889330818718238143175286454,1.31944789702123623549355692542
129,170.68140715564894143525476425,1.32311168337712357701747879264
130,172.469946682204708953983042663,1.32669189755542083810756186664
131,174.254872736164503316232463922,1.33018986821499620852085850322
132,176.036150196077072690698930492,1.33360719845512933856590098858
133,177.813785866522726561263559988,1.33694575839490771850574105254
134,179.587828640047135548364272155,1.34020767641826220558480800116
135,181.358369433981350674848667068,1.34339532914060259759147160791
136,183.125540901549863192213078679,1.34651133015845487641333146088
137,184.88951691786046260412004495,1.34955851764861651535854047409
138,186.650511842559782923406156573,1.35253994088811436901018954039
139,188.408779562120648105638556295,1.35545884577065214464488169996
140,190.164612315895568074608712779,1.35831865939925405767577651985
141,191.918339311218996974924433886,1.3611229738384326026590385382
142,193.670325133963344909926464069,1.36387552911241792190089059204
143,195.420967962044462431300125023,1.36658019553877246455454632883
144,197.170697590425780951871817769,1.3692409554890679232768876234
145,198.919973277181066506722373552,1.37186188467021425177049912795
146,200.669281421138617753225773463,1.37444713302149738187140940728
147,202.419133082539741449597121174,1.37700090532339960169793959982
148,204.170061358996765552380265234,1.37952744161484301048905584617
149,205.922618629826287044566008119,1.38203099751561266472863092697
150,207.677373682557696415018697051,1.38451582455038464276679131367
151,209.434908736071504203735051843,1.38698615057000996161413941618
152,211.195816375403200291790328277,1.38944616036449473876177847551
153,212.960696413753256363603493997,1.39189997656047879976211433985
154,214.73015269766977407808819074,1.39435164089395957193563760221
155,216.504789871714922590523166911,1.39680509594654788768079462523
156,218.285210119187846160607704605,1.3992641674306913215423570808
157,220.072009895653722545592227805,1.40173254710607466589549189685
158,221.865776672120109904859440013,1.40421377640582348041050278489
159,223.667085704707060816688822143,1.40671123084721421897288567385
160,225.476496847576569201599951058,1.40922810529735355750999969411
161,227.294551425720048532153551381,1.41176740015975185423697858001
162,229.121769183950452073831595815,1.41433190854290402514710861614
163,230.958645328109504273196100823,1.41692420446692947406868773511
164,232.805647674081909208225748337,1.41954663215903603175747407523
165,234.663213919709348062335266295,1.42220129648308695795354706845
166,236.531749054119992201017568379,1.42489005454289151928323836373
167,238.411622918336957488043644069,1.42761450849303567358109966508
168,240.303167930304807440453260649,1.43037599958514766333603131339
169,242.206676986680442865188639992,1.43317560347148191044490319522
170,244.122401552877407905971361307,1.43601412678163181121159624298
171,246.050549951935040611738541964,1.43889210498207626088735989453
172,247.991285861810552213781522324,1.44180980152215437333593908328
173,249.944727029667870895081819588,1.44476720826397613234151340802
174,251.910944210667032057029704222,1.44776404718774156354614772541
175,253.889960337647373040988487318,1.45079977335798498880564849896
176,255.88174992695234037802655663,1.45387357913041102487515088994
177,257.886238724469067945307448425,1.45698439957327157031247146003
178,259.903303594757913861972198815,1.46013091907167367338186628548
179,261.932772654931855016086214687,1.46331157907783159226863807087
180,263.9744256537191266562762267,1.46652458696510625920153459278
181,266.02799459491091925569049025,1.46976792593873436052867674171
182,268.093164603165496596883723179,1.47303936595145877251035012736
183,270.169575028916969397467394199,1.47633647556785229178943931256
184,272.256820787927309312269458941,1.47965663471699624626233401598
185,274.354453929830119233101020566,1.48299704826935199585460011117
186,276.461985428850196148079016185,1.48635476037016234488214524831
187,278.578887188749919162154540746,1.48972666945855571744467668848
188,280.704594252957702812317144935,1.4931095438987111851718997071
189,282.838507209780729315731920382,1.49650003814698798579752338826
190,284.979994781599259262685812396,1.49989470937683820664571480209
191,287.12839658598812957714040976,1.50329003448161324385937387309
192,289.283026055817430279901260621,1.50668242737404911604115239907
193,291.443173504553372080107981651,1.51006825650027653927517088939
194,293.608109322216270815702866529,1.513443862485650880493313745
195,295.777087286759307806112248742,1.51680557582953491182621666021
196,297.949347975012852742377342619,1.52014973456639210582845582969
197,300.124122256797865074407065842,1.52347270181115667550460439514
198,302.300634855351043682151495019,1.52677088310783355395026007585
199,304.478107956826396726359610478,1.53004074350164018455457090692
200,306.655764851344766412722551571,1.53327882425672383206361275785
201,308.832833587856157717207163064,1.53648175914356297371744857246
202,311.008550624960646699849431411,1.53964629022257745891014570006
203,313.182164459802907601091324073,1.54276928305321629360143509396
204,315.352939217213283188991086594,1.54584774126084942739701513036
205,317.520158181414672788499452672,1.54887882039714474530975342767
206,319.683127252848728787070007174,1.55185984103324625624791265618
207,321.841178312995898290280305796,1.5547883010289656922235763565
208,323.993672480470251383783448508,1.55766188692533774703742042552
209,326.140003242159903836289509473,1.56047848441224834371430387308
210,328.279599443754855219424773688,1.56323618782740407247345130328
211,330.41192812465350222372680428,1.5659333086476469299702692146
212,332.536497182963837339024550512,1.56856838293850866669351203072
213,334.652857857111913248238475946,1.5711401777329197805081618589
214,336.760607011434690896509470456,1.57364769631511537802107229185
215,338.859389214062700275154852278,1.57609018239098930360537140594
216,340.94889859638551259844318414,1.57846712313141441017797770435
217,343.028880484435037191849742232,1.58077825108034579351082830522
218,345.099132793613027620742886201,1.58302354492483040193001323946
219,347.159507179324571224360993394,1.58520322912933594166374882828
220,349.209909937253182844559777138,1.58731777244205992202072625972
221,351.250302648219669965503447551,1.589367885286061855047526912
222,353.280702563800258303605680254,1.59135451605315431668290846961
223,355.301182730133501858163946485,1.59327884632346861819804460307
224,357.311871848614079536382380776,1.59514228503845571221599277132
225,359.312953873448454543137177095,1.59694646165977090908060967598
226,361.304667347326249495707316777,1.5986932183510011039633067114
227,363.287304477735761548469034709,1.60038460122350555748224244365
228,365.261209957716016045406249108,1.60202285069173691247985196977
229,367.226779536084890483322357291,1.60361039098727026411931160389
230,369.184458343406967814211203927,1.60514981888437812093135306055
231,371.13473898115984378627807485,1.60664389169333265708345486948
232,373.078159382717701199328790802,1.60809551458067974654883099484
233,375.015300455890327800022666348,1.60950772727849926094430328905
234,376.946783517828844945164980315,1.61088369024713181600497854835
235,378.873267534130907355204406489,1.61222667035800386108597619782
236,380.795446174942958398576513125,1.61354002616501253558718861494
237,382.71404470176048570929506956,1.61482719283443242915314375342
238,384.629816699464624969339336977,1.61609166680447321415688797049
239,386.543540668900735342324177176,1.61733699024644659139047772877
240,388.456016495997892644631697591,1.6185667353999912193526320733
241,390.368061814044153683536416202,1.61978448885495499453749550291
242,392.28050827626785587465914179,1.62099383585234651187875678426
243,394.194197756327445093855024907,1.62219834467624463001586430003
244,396.10997849467909622817146409,1.62340155120770121404988304955
245,398.02870120907085068769767026,1.62460694371049326811305171535
246,399.951215187602719296790258411,1.62581794791708422478370023744
247,401.878364382893201220994721393,1.62703791248134899279754947933
248,403.810983525903406301434907851,1.62827009486251373508643108004
249,405.749894277890341258122144313,1.62951764770237084842619335065
250,407.69590143879127769587843002,1.63078360575516511078351372008
251,409.649789230082254215763604566,1.63207087342662252675603029708
252,411.612317669806909406268071364,1.63338221297542424367566694986
253,413.584219057038664952073031811,1.63472023342703029625325309016
254,415.56619458252187296136550464,1.63608738024614910614710828599
255,417.558911081638419512383963674,1.63748592581034674318581946539
256,419.562997945168351864364220098,1.63891796072331387447017273476
257,421.579044202559673780627808359,1.64038538600217771899076968233
258,423.607595791597209186766283669,1.64188990616898143095645846383
259,425.64915302746740119065373554,1.64343302327207490807202214494
260,427.70416828325945869475880631,1.64501603185869022574907233196
261,429.773043892928067328935420576,1.64664001491543320815684069186
262,431.856130286673916487751548538,1.648305840788831742319662399
263,433.953724367580796908012024783,1.65001416109346310611411416267
264,436.066068137187470361395278321,1.65176540961055859985376999364
265,438.193347576474594298339723081,1.6535598021753758275409046154
266,440.335691787517573868790936893,1.65539733754705854837891329659
267,442.493172399801341353109604117,1.6572777992501922897120209892
268,444.665803243918883974258960417,1.65920075837283165662036925529
269,446.853540294088105777839621144,1.66116557730144277240832572916
270,449.056281879627632383361140557,1.66317141436899123104948570577
271,451.273869164237796450100055617,1.66521722938833135221439134914
272,453.506086890644625642374370302,1.6673017900391346530969645967
273,455.752664386888512708950248178,1.66942367907285169490457966366
274,458.013276829281636706698953743,1.67158130229664830914853632753
275,460.287546755825290814206846192,1.67377289729391014841529762252
276,462.575045822676098196225918242,1.67599654283578296447907941392
277,464.875296795084552857829931342,1.67825016893532329551563152109
278,467.187775763106115334641493291,1.68053156749318746523252335716
279,469.51191457130972121839818613,1.682838403481396850245154789
280,471.84710345068628437252023894,1.68516822660959387275900085336
281,474.192693839995593322407621558,1.68751848341635442463490256782
282,476.548001382888617682381258546,1.68988652972655538185241581045
283,478.912309086308059197631058553,1.69226964341451611023897900549
284,481.284870624907063516509692489,1.6946650374116445898468651144
285,483.664913775538065463918164371,1.69706987289662479110146724341
286,486.051643965254112160263080234,1.69948127260578360895196881201
287,488.444247915736646658633187332,1.70189633420117298487328636701
288,490.841897366619189192629131791,1.70431214363409440691885115205
289,493.243752859817757944622211267,1.70672578844227597904713567912
290,495.648967566707935266454116407,1.70913437091968253540156591865
291,498.056691139806483469957922538,1.71153502109899135213043959635
292,500.466073570523181569972325605,1.71392490948809308756839837536
293,502.876269034546481579444264685,1.71630125950357160948615789995
294,505.28643970651461515609905579,1.71866135954596807876224168636
295,507.695759525801418195622163098,1.72100257466373362100210902745
296,510.103417895512439187455088743,1.72332235775510959184951043494
297,512.508623297140475681023612985,1.72561826025973224135024785517
298,514.910606803768730005975707566,1.72788794229452593961736814619
299,517.308625475232056627099179094,1.73012918219141156062574976286
300,519.701965619249644844632602169,1.73233988539749881614877534056
301,522.089945903222900389067916439,1.73451809270173721059491002139
302,524.471920302146834247226750991,1.73666198775545309353386341388
303,526.847280868908148417635043217,1.73876990385778266804500014263
304,529.215460314134292003410040019,1.74084032998070490790595407901
305,531.575934383710587719575305238,1.74287191601216586137565673849
306,533.928224023092336257535654863,1.74486347719964815770436488517
307,536.27189731860055267525323282,1.7468139977804578263037564587
308,538.606571206998379831332408579,1.74872263378895577867315717071
309,540.931912945794736151999923859,1.75058871503493442120388324873
310,543.247641337906666098579349301,1.75241174625131182612444951387
311,545.55352770552627760782994802,1.75419140741326777365861719621
312,547.84939660927603554406585718,1.75592755323485908828226236276
313,550.135126309991385965747137651,1.75762021185300762289376082317
314,552.410648971735983634789724914,1.75926958271253497972862969718
315,554.675950605925905300935424457,1.76087603366960604857439817288
316,556.931070757708855507302455837,1.76244009733452169464336220202
317,559.176101937006223977521192649,1.76396246667825307248429398312
318,561.411188797873691682184617013,1.76544398993042041409492017928
319,563.636527071063738739807864498,1.76688566479957284871413123667
320,565.852362255874819015625085076,1.76828863204960880942382839086
321,568.058988078541206726359586188,1.76965416846897572188897067348
322,570.256744725548827517158690487,1.77098367927189076868682823133
323,572.446016861350191816794332329,1.77227868997322040810153044065
324,574.627231440990504384979571848,1.77354083778083489007709744397
325,576.80085532914203105624571073,1.77477186255120624940383295609
326,578.967392737970034868225115278,1.77597359735573630327676415729
327,581.127382497116518937777290801,1.77714795870677834537546572111
328,583.281395169883421709114410245,1.7782969364935470174058366166
329,585.430030030420930632764798376,1.7794225836790909745676741592
330,587.573911917375701124788700351,1.78052700581022939734784454652
331,589.713687980024853374313726048,1.78161235039282433043599313006
332,591.85002433341192658790571398,1.78268079618497568249369190958
333,593.983602639408160205770486149,1.783734542460685165783094553
334,596.115116630944622792135387203,1.78477579829624138560519577007
335,598.245268596896325990578111266,1.7858067719310338089270988396
336,600.374765845247480653472217833,1.78682966025371274004009588641
337,602.504317162226850757398389327,1.78784663846358115951750263895
338,604.634629285073554848391983267,1.78885984995583891966979876706
339,606.766403405976913098656897978,1.78987139647780800324087580524
340,608.900331724529739340779256405,1.79088332860155805688464487178
341,611.037094065743966816209784339,1.79189763655643392028214013003
342,613.177354580302239425153103853,1.79291624146287204510278685337
343,615.321758543261084947670632736,1.79394098700659208439554120331
344,617.470929266882913130556885229,1.79497363158977591026324675939
345,619.625465142658149709679535017,1.79601584099321202814399865222
346,621.785936826888513016689352553,1.79706918158060263877655882241
347,623.952884583441317925707747644,1.79813511407331791909425863874
348,626.126815796456659105977522818,1.79921498792085246869533770925
349,628.308202664898620122050137066,1.80031003628910779404598893142
350,630.49748008989282539214066635,1.80142137168540807254897333243
351,632.69504376479053421062149789,1.80254998223587046783652848402
352,634.901248476849168709185272537,1.8036967286274124111056399788
353,637.116406628326006737804123768,1.80486234172330313523457258858
354,639.340786983651302500813129938,1.80604742085777204096274895463
355,641.574613648185051124353006692,1.80725243281178887640662818786
356,643.818065282873870510341717497,1.80847771146874682727624077949
357,646.071274557917041237703539103,1.80972345814542588581989786864
358,648.334327847329723145300478705,1.81098974259030648923268290141
359,650.607265165062919024876224747,1.81227650463805827026427917757
360,652.89008034211007728168724579,1.81358355650586132578246457164
361,655.182721442805513367362742611,1.81491058571414269630848405155
362,657.485091417306251211984799298,1.81625715861134323539222320248
363,659.797048986052546885795978008,1.8176227244794836002363525565
364,662.118409750829271945880972583,1.81900662019458591193923344116
365,664.448947525906396403099973209,1.82040807541344218192630129646
366,666.788395881627762884305294807,1.82182621825581355979318386559
367,669.136449891748746387523873344,1.82326008144890666590605960039
368,671.492768074800602333803551262,1.82470860889891468025490095452
369,673.856974518787439197330331095,1.82617066265254048562962149348
370,676.228661177605670517971795511,1.8276450302097450554539778257
371,678.607390326720079834189673011,1.82913043214749347664202068197
372,680.992697164839539024287178463,1.8306255300130095135061483292
373,683.384092547612895147242731283,1.8321289344440023998585596013
374,685.781065838715174349162953396,1.83363921347250046617423249571
375,688.183087863119268849924203449,1.83515490096831805026646454253
376,690.589613946851517378955106736,1.83667450517779658877381677323
377,693.000087027113507320134075138,1.83819651731329842790486492079
378,695.413940816319056445297944039,1.8397194201489922128182485292
379,697.830603003346293133133777505,1.84124169657875011380774083774
380,700.249498475141239552318309989,1.84276183809247694619031134208
381,702.670052541732073263670728075,1.84427835312790570410412264587
382,705.091694147722623893397701126,1.8457897752558183871554913642
383,707.513859053429540301663471165,1.84729467115777947859442159573
384,709.935992969009390621711362402,1.84879164835679528807737333959
385,712.357554625188749447426148849,1.85027936266282792064266532169
386,714.778018764560671339993809852,1.85175652529678930398962126905
387,717.196879037843014260595758701,1.85322190965850908077673322662
388,719.613650790005614949521172138,1.85467435770620003852969374262
389,722.027873721761684410458008816,1.8561127859171251527261131332
390,724.439114412580952028719050637,1.8575361908014896205864591042
391,726.846968692114636107412731839,1.85894365394402720232074867478
392,729.251063847721496800450293086,1.86033434655030994081747523747
393,731.651060656645939043626438007,1.86170753347747058280820976592
394,734.046655232318967772095242955,1.86306257673177402987841432222
395,736.437580675226052546179284659,1.86439893841829380391437793585
396,738.823608519807661976045722313,1.86571618313082742923243869271
397,741.204549969923164644270253215,1.86701397977310620817196537334
398,743.580256916511529826409710762,1.86829210280530535132263746423
399,745.950622732217175524580930687,1.86955043291282500131473917466
400,748.315582838910618919526602267,1.87078895709727654729881650567
401,750.675115045215368696580373257,1.87200776819255702916852960912
402,753.029239652348740660143257254,1.8732070638118127877117991474
403,755.378019327788886292305592615,1.87438714473396745978239601145
404,757.721558747487165646543474009,1.8755484127413048654617412723
405,760.060004008547927872709357819,1.87669136792234056264866508103
406,762.393541815490661858198249866,1.87781660545687355137487253662
407,764.722398444386274363139792219,1.87892481190266897877921324869
408,767.046838490313953963744045381,1.88001676100567145579349030731
409,769.367163404711808552042864389,1.88109330905797508203433463176
410,771.68370983028748627513167501,1.88215538982996947871983335368
411,773.99684774220873950344814768,1.88320400910513075304975218414
412,776.30697840530300229539006297,1.88424023884782282110531568682
413,778.614532157954383265088635635,1.88526521103620916044815650275
414,780.919966034291138869009532978,1.88628011119393994895896022458
415,783.22376123710207439123576616,1.88728617165566764913550787026
416,785.526420474702108463252347844,1.88828466460264929919051045155
417,787.828465175681440354846567531,1.88927689490571088814111886698
418,790.13043259611572763883650732,1.89026419281367398956659451512
419,792.432872834383125286028984269,1.891247906525974046028708793
420,794.736345769225042537487299708,1.89222939468863105366068404692
421,797.041417937098519138080449964,1.89321001885296560365339774338
422,799.348659365197089933483549886,1.89419113593648599510304158741
423,801.658640376762193528479019613,1.89517409072520613127300004637
424,803.971928385467307285169210015,1.89616020845629081906879530664
425,806.289084695731208046492173532,1.89715078751936754834468746713
426,808.61066132580465063809320909,1.89814709231409542403308265045
427,810.937197870376346036108293561,1.89915034630064718041243160085
428,813.26921841925986624948056478,1.90016172527864454731187047846
429,815.607228548453895954531650836,1.90118235092879696026697354507
430,817.951712399515414184091457559,1.90221328465003584693974757572
431,820.30312986275066874922403636,1.90325552172331941705156388947
432,822.661913879214362095317644545,1.90430998583151472707249454756
433,825.028467875915864431025204121,1.9053775239628541903718826885
434,827.403163347965463806174125586,1.90645890172342272766399568107
435,829.786337600656985290758958349,1.90755479908197008112818151345
436,832.178291663679254140681892619,1.90866580656807168380890342344
437,834.579288388781873649180681653,1.90979242194229261704618004955
438,836.989550741294991103667715765,1.9109350473545547742092870223
439,839.409260294922787914538575526,1.91209398700437992691238855473
440,841.838555938201281441476972935,1.91326944531409382145790221122
441,844.277532799937846352697603584,1.91446152562344182846416690155
442,846.72624139983805772228103095,1.9156702294113983206386448664
443,849.184687029380629758690087951,1.91689545604826327259297988251
444,851.6528293668291462492799265,1.91813700307844402308396379842
445,854.130582329075865630278467836,1.91939456703163115871972689401
446,856.617814161804160422581414612,1.92066774475740843144076550361
447,859.114347768238223961512414154,1.92195603527570072474611278334
448,861.619961275527703539528035216,1.92325884213287433825787507861
449,864.134388836597074272256349275,1.92457547625077299392484710306
450,866.657321664081016488743916794,1.92590515925351336997498648176
451,869.188409291773922834231587126,1.92724702725448763377878400693
452,871.72726105784998765830009041,1.92860013508373891074845152746
453,874.273447802966064806836193571,1.92996346093369992231089667455
454,876.826503775248430944014157293,1.93133591139922561881941444338
455,879.385928733092407173146910857,1.9327163268859173784025206832
456,881.951190235675927590454547316,1.93410348735893843769836523534
457,884.521726110109835990267289237,1.93549611840286616190430479045
458,887.096947083223932233328071129,1.93689289756162430618630583216
459,889.676239565123298079152608646,1.93829246092619454919205361361
460,892.258968570848634308178939237,1.93969340993662746588734552008
461,894.844480765741345532909869736,1.94109431836386409009307997774
462,897.432107619452687309199672644,1.94249373943604477772554041698
463,900.021168652949856263541303739,1.9438902130733258234633721463
464,902.610974762363498037809333793,1.94528227319474891818493390904
465,905.200831603093380379434666321,1.94666845506041587178373046521
466,907.790043017244176988989209622,1.94804730261211196778753049275
467,910.37791448720326445117646809,1.94941737577559585535583826143
468,912.963756597998558320142359033,1.95077725768803110752167170734
469,915.546888490987682428146011717,1.95212556181447267042248616571
470,918.126641291430718432620969939,1.95346093891793769879281057434
471,920.702361492587521712683196835,1.9547820838483811501330853436
472,923.273414279156775916725538538,1.9560877421168575760947574969
473,925.839186773136813873718671399,1.95737671622227656210088514038
474,928.39909118553654415588674111,1.95864787169944418598288342006
475,930.95256785779694789753007067,1.95990014285851989031058962246
476,933.499088177297485714211882296,1.96113253818759975990380647541
477,936.038157351914904591114236181,1.96234414539185514589332124986
478,938.569317029271485107068494733,1.96353413604450101486834413124
479,941.09214774705246098963502799,1.96470176982683186010362218787
480,943.606271201584547461825169299,1.96584639833663447387880243604
481,946.111352322745252824222946402,1.96696746844645582707738658296
482,948.607101144211608567825022166,1.96806452519545976881291498375
483,951.093274459052516409795435867,1.96913721420093688697680214465
484,953.569677251716168306417758728,1.97018528357792596757524330316
485,956.03616389855777734894576527,1.97120858535785108731741394901
486,958.492639130187756101831364328,1.97220707639956328416014684018
487,960.939058750090876880945400069,1.97318081878868763219906652992
488,963.375430105167045984349676912,1.97412997972370296308268376416
489,965.801812305068167946362694104,1.97505483088970995490053720676
490,968.218316188447089769154083629,1.97595574732336140769215119108
491,970.625104035487628664459360738,1.97683320577492388730032456362
492,973.022389027342967319279621389,1.97768778257590034007983662884
493,975.41043445436698370683954438,1.97852015102305676208283883241
494,977.789552676273103283195624431,1.97933107829205081636274417901
495,980.160103838591786250322046884,1.98012142189614502272792332704
496,982.522494351014619681932438498,1.9808921257076907654877670131
497,984.877175134404094819418157591,1.98164421556218127730265222855
498,987.224639644407558111668516309,1.9823787944666818435977279444
499,989.565421680735727961623151751,1.98309703743634414421166964279
500,991.900092992244947046833796331,1.98380018598448989409366759266
501,994.229260688992582039544857868,1.98448954229339836734440091391
502,996.553564473411515331405045884,1.98516646309444524966415347786
503,998.873673703667586876051557662,1.98583235328760951665218997547
504,1001.1902843031185161542756513,1.98648865933158435744895962561
505,1003.50411553057995312624666747,1.98713686243679198638860726232
506,1005.81590662681989401932812855,1.98777847159450571940578681531
507,1008.1264133533431266262514051,1.98841501647602194600838541439
508,1010.43640444008938497732543502,1.98904804023639642712071936028
509,1012.7466579591496265242056334,1.98967909225766134877054151946
510,1015.05795764200182973078836529,1.99030972086667025437409483391
511,1017.3710891580788937640687437,1.99094146606277670012537914619
512,1019.68683637270497694459375902,1.99157585229043940809490968559
513,1022.00597760257174176582750962,1.99221438129156284944605752363
514,1024.32928188697172567495397203,1.9928585250719294273831789339
515,1026.65750529296211548167252638,1.99350971901546041841101461433
516,1028.991387272498701054674917,1.99416935517926104855557154458
517,1031.3316470893572970269606191,1.99483877580146479115466270619
518,1033.67898033334946736850094597,1.9955192670527981995530906293
519,1036.0340555389424215014534141,1.99621205306154609152495840866
520,1038.39751092491135649009085958,1.99691829024021414709632857612
521,1040.7699512710886026734755464,1.99763906194066910302010661497
522,1043.15194494763040416418689429,1.99837537346289349456740784346
523,1045.54402111150214113743035862,1.99912814744073067139088022681
524,1047.94666708408976870343217439,1.99989821962612551279280949311
525,1050.36032592298306182070400657,2.00068633509139630822991239347
526,1052.78539420004911610192349533,2.00149314486701352871088116983
527,1055.22221999692698320538623876,2.00231920303022197951686193314
528,1057.67110112803114095852304096,2.00316496425763473666386939575
529,1060.13228360005781419757191935,2.00403078185266127447556128421
530,1062.60596031584932667978726822,2.00491690625631948430148541173
531,1065.09227002929325737276363404,2.00582348404763325305605204152
532,1067.59129655672097426392039351,2.00675055743744544034571502539
533,1070.10306824903007354042420899,2.00769806425709207043231558911
534,1072.62755772749344975007797243,2.00866583844099896956943440531
535,1075.16468188494036159597446467,2.00965361099988852634761582181
536,1077.71430215270821590212967585,2.01066101147893323862337626091
537,1080.27622503247419479185166938,2.01168756989287559551555245695
538,1082.8502028907896408830148293,2.01273271912786178602790860465
539,1085.4359350128636203754740932,2.01379579779752063149438607272
540,1088.03306891088158637054165804,2.01487605353866960438989195933
541,1090.64120188090676958524703731,2.01597264672995706023151023532
542,1093.25988280120192787362637483,2.01708465461476370456388630043
543,1095.88861416363334857344593566,2.01821107580779622205054500122
544,1098.52685432868330989107588052,2.01935083516302079024094830978
545,1101.17401999350716412350911687,2.0205027889789122277495580126
546,1103.8294888614321771150078799,2.02166573051544354782968476172
547,1106.49260250031236474902671555,2.02283839579581785146074353848
548,1109.162669376231652048765551,2.02401946966465629935906122446
549,1111.83896804819128691022396669,2.02520759207320817287836788103
550,1114.520750508630789133182805,2.02640136456114688933305964545
551,1117.20724565391868303060121133,2.02759935690366367156188967574
552,1119.89766286831336230849259109,2.02880011389187203316755904183
553,1122.5911957043388025540086951,2.0300021622139942180000157235
554,1125.28702564204720706489250425,2.03120401740441734127236914124
555,1127.98432590925337392279087248,2.03240419082748355661764121168
556,1130.68226534452551315346078581,2.03360119666281567113931796009
557,1133.38001228450589905563161601,2.03479355885907701805319859249
558,1136.07673845701315306903121158,2.03597981802332106284772618563
559,1138.77162286134671273775917138,2.03715853821350038056844216705
560,1141.46385561727330242050077102,2.03832831360227375432232280539
561,1144.15264176432468486820483295,2.03948777498097091776863606586
562,1146.83720499327489805258439508,2.04063559607344287909712525816
563,1149.51679129199238577547371743,2.04177049963053709729213804161
564,1152.19067248827629528771682251,2.0428912632770856299427603236
565,1154.85814967278469471239032477,2.04399672508457468090688553057
566,1157.51855648574309465590316915,2.04508578884406907183021761334
567,1160.17126225178157426013169973,2.04615742901548778529123756566
568,1162.81567494798475373435547668,2.0472106953309590734759779519
569,1165.45124399104719033197836875,2.0482447170317173819542677834
570,1168.07746283030351368866546516,2.04925870671983072576958853537
571,1170.69387133434343379916879817,2.05025196380795697688120630152
572,1173.30005795992201006954406022,2.05122387755231120641528681857
573,1175.89566169293033030477992234,2.05217392965607387487745187144
574,1178.48037375229581423515200048,2.05310169643257110493928919943
575,1181.05393904882928573491324656,2.05400685051970310562593608097
576,1183.61615739222209519768733178,2.05488916213927447082931828434
577,1186.16688444061507612012112327,2.05574849989707985462759293462
578,1188.70603238840598790422552503,2.05658483112180966765436942046
579,1191.23357038922720268661079457,2.05739822174305216353473366938
580,1193.7495247123045128988678521,2.05818883571086984982563422777
581,1196.25397863169477720521028171,2.05895693396160891085234127661
582,1198.74707204918835930485102,2.05970287293674975825575776633
583,1201.22900085294561697155453634,2.06042710266371460887059097143
584,1203.70001601520876546023165355,2.06113016440960405044560214648
585,1206.16042243368502680184938248,2.0618126879208291056441869786
586,1208.61057752242793117341191875,2.06247538826352889278739235281
587,1211.05088955924492547780605696,2.06311906228150753914447369159
588,1213.48181579782518475761403125,2.06374458469017888564220073342
589,1215.90386035390601073173481248,2.06435290382666555302501665955
590,1218.31757187587394281697205519,2.0649450370777524454524950088
591,1220.72354101122243949228047459,2.06552206600883661504615985549
592,1223.12239768125671157944540232,2.06608513121833903983014426068
593,1225.51480817734328923123972317,2.06663542694324332079467069674
594,1227.90147209284277516772854427,2.0671741954424962544911254954
595,1230.28311910563490248830124141,2.06770272118594101258538023766
596,1232.66050562684175126020540764,2.06822232487725126050370034838
597,1235.03441133197442795470165172,2.06873435733999066659079003639
598,1237.40563559126770491656103161,2.06924019329643428915812881541
599,1239.77499381642348254417114281,2.06974122506915439489844932022
600,1242.14331374135531629650469139,2.07023885623559219382750781898
601,1244.511431654810908531069004,2.07073449526590833366234443261
602,1246.88018860294609732827946767,2.0712295491743290653293678865
603,1249.2504265800316142303296895,2.07172541721398277650137593615
604,1251.62298472549230516521722881,2.07222348464485480987618746491
605,1253.99869554540763212399633976,2.07272511660397955722974601614
606,1256.37838117644255886737840509,2.073231652106340856216796048
607,1258.76284970993027400974029144,2.07374439820416849095509108968
608,1261.15289159349395694691569429,2.07426462433140453445216397086
609,1263.54927612717571273208032124,2.07479355685907341992131415639
610,1265.95274807053907735216556623,2.07533237388612963500355010857
611,1268.36402437662971966097230241,2.07588220028908301090175499577
612,1270.78379106802013058967047625,2.0764441030523204748197230004
613,1273.21270026943156448429729989,2.07701908689956209540668401287
614,1275.65136741062401496421633745,2.07760809024531598528373996327
615,1278.10036861237664629846283278,2.07821198148353926227392330533
616,1280.56023826745126242929943666,2.07883155562897932212548609848
617,1283.03146682744478246193706678,2.07946753132486998778271809851
618,1285.51449880539828460549924847,2.08012054822879981327750687455
619,1288.00973100294521396199174512,2.0807911647866643198093566157
620,1290.51751096965528354389481754,2.08147985640266981216757228635
621,1293.0381357010690919300931077,2.08218701401138340085361208969
622,1295.57185058072736527114629247,2.08291294305583177696325770493
623,1298.11884857028397767734828999,2.08365786287365004442592020865
624,1300.67926965055959571284013434,2.08442190649128140338596175374
625,1303.25320051514909425182970675,2.0852051208242385508029275308
626,1305.84067451694701707522847443,2.08600746727946807839493366522
627,1308.44167186670754022045115385,2.08682882275391952188269721508
628,1311.05612008151486116731907527,2.08766898102152047956579470584
629,1313.68389467981286127334065955,2.08852765449890756959195653347
630,1316.32482011843537731799895539,2.0894044763784688528857126276
631,1318.97867096589647098126353346,2.09029900311552531058837327014
632,1321.64517330504956857017079067,2.09121071725482526672495378271
633,1324.32400635711095966378330632,2.09213903057995412269160079987
634,1327.01480431797240283060897847,2.09308328756777981519023498182
635,1329.71715839670477990668568997,2.09404276912866894473493809445
636,1332.43061904518491235489621509,2.0950166966119259628221638602
637,1335.15469836686557783440020724,2.09600423605473403113720597683
638,1337.88887269185892147495654608,2.09700450265181649134005728225
639,1340.63258530472000672119315131,2.09801656542209703712236799892
640,1343.38524931060401965819732342,2.09903945204781878071593331785
641,1346.14625062483109660921327164,2.10007215386089094634822663282
642,1348.91495107032998200724434234,2.10111363095066975390536501923
643,1351.6906915669484476615855971,2.10216281736694937427929330808
644,1354.47279539621691891574517753,2.10321862639164117844059810176
645,1357.2605715248339476600801726,2.104279955852455732806325849
646,1360.05331796990951383767862965,2.10534569345187231244222698088
647,1362.85032518885566328264176115,2.10641472208478464185879715788
648,1365.65087947675430305064429925,2.10748592511844799853494490625
649,1368.45426635405924097518549205,2.10855819160871993986931508791
650,1371.25977392760350113653518941,2.10963042142708230944082336832
651,1374.06669620808286204053561855,2.11070153027355278347240494402
652,1376.87433636747130784094046897,2.11177045455133636171923384812
653,1379.68200992019208667843722773,2.11283615607992662584753021093
654,1382.48904781231734758747164642,2.11389762662433845196861108016
655,1385.29479940359748378252825611,2.11495389221923279966798207039
656,1388.09863532772555502602034059,2.11600401726787432168600661675
657,1390.89995021691932322920689953,2.11704710839713747827885372835
658,1393.69816527764997614492055562,2.11808231805113978137525920306
659,1396.49273070515864936480317564,2.11910884780752450586464821796
660,1399.28312792527517466893792683,2.12012595140193208283172413157
661,1402.06887165298356476953997142,2.121132937447781489817760925
662,1404.84951175816078909026070144,2.12212917184012203790069592363
663,1407.62463492994434199012209603,2.12311407983400353241345715842
664,1410.39386613225466008872371226,2.12408714778954015073602968714
665,1413.15686984410510894276426192,2.12504792457760166758310415326
666,1415.91335107946935251347695849,2.12599602264184587464486029803
667,1418.6630561826376130072175,2.12693111871459911995085082459
668,1421.40577339617367469806760666,2.12785295418588873457794551896
669,1424.14133319977744382185876631,2.12876133512672263650502057745
670,1426.86960841955734828608241316,2.1296561319694885795314662883
671,1429.59051410841671744596912561,2.13053727885009942987476769838
672,1432.30400719945239712903672596,2.13140477261823273382297131839
673,1435.01008593544613485008345942,2.1322586715236941082467807718
674,1437.70878907869368472813683374,2.13309909358856629781622675629
675,1440.40019490655719498744120428,2.13392621467638102961102400634
676,1443.08441999923744104532110265,2.13474026627106130332148092108
677,1445.76161782733819528717101641,2.13554153297982008166494980267
678,1448.43197714783000374928501646,2.13633034977556047750632008327
679,1451.0957202180096025625506753,2.13710709899559588006266667939
680,1453.75310083798912164916623279,2.13787220711468988477818563645
681,1456.40440223313131968334012111,2.13862614131149973521782690325
682,1459.04993478866888802836884037,2.13936940584848810561344404746
683,1461.69003364950317559176271893,2.14010253828624183834811525466
684,1464.32505619886667374306138799,2.14082610555389864582318916373
685,1466.95537943015076156123403016,2.14154069989803030884851683236
686,1469.5813972267424138076954457,2.1422469347328606615272528363
687,1472.20351756517806618358056047,2.14294544041510635543461508075
688,1474.82215965730725946392162913,2.14363685996701636549988608885
689,1477.43775104746109853403152885,2.14432184477135137668219380094
690,1480.0507246808394342254108872,2.14500105026208613655856650318
691,1482.66151595946490043476447361,2.1456751316345367589504550993
692,1485.27055980210084239799181735,2.14634473959841162196241592103
693,1487.87828772449351449041772399,2.14701051619696033837001114572
694,1490.4851249561769032866568899,2.14767309071495231021132116701
695,1493.09148760987177406006619273,2.14833307569765722886340459385
696,1495.69777991922010796337839472,2.14899106310232774132669309586
697,1498.30439156022348031430803956,2.14964762060290312814104453308
698,1500.91169507130103371256171635,2.15030328806776652394349816096
699,1503.52004338635183804280412348,2.15095857422940177116280990483
700,1506.12976749460031493181508438,2.15161395356371473561687869197
701,1508.74117424032513268990180542,2.15226986339561359870171441572
702,1511.35454427482501295506509044,2.1529267012461894771439673653
703,1513.97013017216304652523841019,2.15358482243550931226918692773
704,1516.5881547193585389231524496,2.154244537953634288243114275
705,1519.20880939076655228301621304,2.15490611261101638621704427381
706,1521.8322530154049233994079767,2.15556976347791065637309911714
707,1524.45861064496162658012441736,2.1562356586208792455164418916
708,1527.08797262914716152145994252,2.15690391614286322248793777192
709,1529.72039390395264043403806571,2.15757460353166804010442604473
710,1532.35589349724006965468211017,2.15824773732005643613335508474
711,1534.99445425493276999404769488,2.15892328305897717298740885356
712,1537.63602278989688528652286706,2.15960115560378776023388043126
713,1540.28050965441551550441170967,2.16028121971166271459244279056
714,1542.92778973596127172517994672,2.16096329094672447020333325871
715,1545.57770287477711367772542038,2.16164713688780015898982576277
716,1548.23005470058533020612327526,2.16233247863210241648899898779
717,1550.88461768456656665082987801,2.1630189925865642491643373473
718,1553.54113240159094208326403919,2.16370631253703473827752651697
719,1556.19930899654749753425332659,2.16439403198407162383067222057
720,1558.85882884751232043853614442,2.16508170673265600060907797836
721,1561.51934641742540012406596398,2.16576885772181054108747013035
722,1564.18049128491710814632120058,2.16645497407883255975944764623
723,1566.84187034394248566278077111,2.16713951638166318902182679268
724,1569.50307016095034717826637832,2.16782192011180987179318560542
725,1572.16365947743940863275658928,2.16850159927922677052794012315
726,1574.82319184493976963030936991,2.16917795019964155596461345718
727,1577.48120837870937208844997904,2.1698503554040018873293672339
728,1580.13724061575544236590415528,2.17051818765900472852459361989
729,1582.79081346218397684109259331,2.17118081407706992707968805667
730,1585.44144821434926374269460045,2.17183760029362912841465013761
731,1588.08866563782307806190995272,2.17248791468922445699303687103
732,1590.73198908783197786572943725,2.17313113263365024298596917657
733,1593.37094765452309796746145613,2.17376664072922660022846037671
734,1596.00507931621559129246276093,2.17439384103026647315049422469
735,1598.63393408367759349415801616,2.17501215521588788230497689274
736,1601.25707711843803373017663887,2.17562102869352993713339217237
737,1603.87409180819909840176994776,2.17621993461085359348951146237
738,1606.48458278255855066902514502,2.17680837775414437760030507456
739,1609.08817885248085371196624937,2.17738589831188207538831698156
740,1611.68453585727114097878942585,2.17795207548279883916052625115
741,1614.27333940320509161254695776,2.17850653090850889556349117107
742,1616.85430747844884887446126321,2.179048931911656130558573131
743,1619.42719292946399308112756078,2.17957899452148585879021206027
744,1621.99178578473057319025122823,2.18009648626979915751377853257
745,1624.54791541233324608885055297,2.18060122874138690750181282278
746,1627.09545249873822683574925042,2.18109309986426035768867191746
747,1629.63431083693821410635243029,2.18157203592628944324812909009
748,1632.16444891305457970464297119,2.1820380333062227001398970203
749,1634.6858712814564358470856778,2.18249114990848656321373254713
750,1637.19862971947995745894939144,2.18293150629263994327859918858
751,1639.70282415390350289670606621,2.1833592864898848240968123385
752,1642.19860335244935971420819394,2.18377473850059755281144706641
753,1644.68616537473583341859914394,2.1841781744684406818308089561
754,1647.16575777828819178718275017,2.18456997052823367611032194983
755,1649.6376775764278028666121913,2.18495056632639444088293005471
756,1652.10227094608965056346922096,2.18532046421440429968712859915
757,1654.55993268486315869648871069,2.18568022811738858480381599827
758,1657.01110541780370557179887401,2.18603048208153523162506447759
759,1659.45627855581612264484415623,2.18637190850568659109992642455
760,1661.89598700866058290894938443,2.18670524606402708277493340056
761,1664.33080965686935299886514998,2.18703128732834343363845617606
762,1666.76136758808370994601832697,2.18735087609984738838060147897
763,1669.18832210451778900779936186,2.18766490446201545086212236155
764,1671.6123725094242211721926314,2.18797430956730919001595894162
765,1674.03425368156926427317871907,2.18828007017198596637016826022
766,1676.45473344781702432239972888,2.18858320293448697692219285754
767,1678.87460976496779416129514869,2.18888475849409099629895065018
768,1681.29470772298921929931798943,2.18918581734764221262932029874
769,1683.71587638271590073087791848,2.18948748554319362903885294991
770,1686.13898546196840228119319977,2.1897908902103485743911599997
771,1688.56492188485198597776409157,2.1900971749479273488686953198
772,1690.99458620973461558237498297,2.19040749509032981293053754271
773,1693.4288889520690512520424597,2.19072301287460420601816618331
774,1695.86874681881177498926817067,2.19104489253076456716959711973
775,1698.31507887169898427890636666,2.19137429531832127003729853763
776,1700.76880263706431228324728311,2.191712374532299371499030004
777,1703.23083018022202789937682743,2.19206027050221625212275009965
778,1705.70206416269140861793624828,2.19241910560757250465030366103
779,1708.18339390070136363761821455,2.19278997933337787373250091727
780,1710.67569144348825097206122546,2.19317396338908750124623234034
781,1713.1798076898836590377886066,2.19357209691406358391522228758
782,1715.69656856158263386150397569,2.19398538179230515839067004564
783,1718.22677125128679644434528823,2.19441477809870599801321237322
784,1720.7711805636318237283260111,2.19486119969850997924531378967
785,1723.33052536643611396578829913,2.19532551002093772479718254666
786,1725.9054951693488103001965617,2.19580851802716133625979206323
787,1728.49673684643282841571249385,2.19631097439190956596659783208
788,1731.10485151859465457836097235,2.19683356791699829261213321364
789,1733.73039161107038235993973644,2.19737692219400555432185010956
790,1736.37385810040006232158617554,2.19794159253215197762226098169
791,1739.03569796447364465403708949,2.19852806316621194014416825472
792,1741.71630184831565105976562952,2.19913674475797430689364347161
793,1744.41600195729660511197448062,2.19976797220340051085999303987
794,1747.13507018842187976113965675,2.20042200275619884100899201102
795,1749.87371650925797704130266366,2.20109901447705405917144989139
796,1752.63208759291759490485393188,2.20179910501622813430258031643
797,1755.41026571634365624927910041,2.2025222907356884018184179428
798,1758.20826792791448549299355669,2.20326850617533143545487914372
799,1761.02604548914341340573484031,2.20403760386626209437513747223
800,1763.86348359397232212377540935,2.20482935449246540265471926169
801,1766.72040136786618627819444206,2.20564344740058200534106671917
802,1769.59655214761079542269658235,2.20647949145587380975398576353
803,1772.49162404140489457676340986,2.20733701624085291977180997492
804,1775.40524076752732413998780527,2.20821547359145189569650224536
805,1778.33696276855574998573936622,2.20911423946404440992017312574
806,1781.28628859682259188691271067,2.21003261612509006437582222168
807,1784.25265656552206527959385775,2.21096983465368285660420552386
808,1787.23544665863603743836107214,2.21192505774583667999797162393
809,1790.23398269163173152110500374,2.21289738280795022437713844715
810,1793.24753471370710514658458749,2.21388584532556432734146245369
811,1796.2753216412257168633046606,2.21488942249226352264279242984
812,1799.31651411089759654506052987,2.21590703708238620264170015994
813,1802.37023754023133941782225193,2.21693756155010004848440621393
814,1805.43557538181036948758842673,2.21797982233637637529187767411
815,1808.51157255703779957112319051,2.21903260436446355775597937486
816,1811.59723905415397307638040105,2.22009465570362006504458382482
817,1814.69155367456269460530172463,2.22116469238012569719131178045
818,1817.79346791081007595283927813,2.22224140331394874810860547448
819,1820.90190993894720242921982212,2.22332345535890989307597047878
820,1824.01578870747743399877893757,2.22440949842375296829119382631
821,1827.13399810464366528369783351,2.22549817065121031094238469368
822,1830.25542118545243054553398004,2.22658810363193726343738927012
823,1833.37893443956207999252328459,2.22767792763008758200792622671
824,1836.50341208098266247870205197,2.22876627679730905640619181064
825,1839.6277303404464754959711975,2.22985179435205633393451054242
826,1842.75077174131088912806393863,2.23093313770134490209208709277
827,1845.8714293399489714042319591,2.23200898348240504401962752007
828,1848.98861091176814587185658372,2.2330780325021354418742229272
829,1852.10124306427166086513658698,2.2341390145528005559289946767
830,1855.20827525894066631302387855,2.23519069308306104375063117897
831,1858.30868372416436709986862205,2.23623186970416891347757956925
832,1861.40147524197981677249262213,2.23726138851199497208232286313
833,1864.48569079199878344011133388,2.23827814020648113258116606708
834,1867.56040903659371275199619293,2.23928106599111955965467169416
835,1870.62474963218469780117593767,2.24026916123614933868404303913
836,1873.67787635231074193601568485,2.2412414788903238539904493838
837,1876.71900000907731821659586879,2.24219713262733251877729494479
838,1879.7473811605438109129636021,2.24313529971425275765270119582
839,1882.76233259264408637194715988,2.24405522359075576444808958269
840,1885.76322156531611698427955919,2.24495621614918585355271376094
841,1888.74947181364695006597489798,2.24583765970707128426394161472
842,1891.72056529601181984694076141,2.24669900866509717321489401592
843,1894.67604368239508903204782833,2.24753979084507127999056681889
844,1897.61550957732004569605996537,2.24835960850393370343135066987
845,1900.53862747307829567360068737,2.24915813902139443274982329866
846,1903.4451244302313892619836831,2.24993513526032079108981522825
847,1906.33479048365112888011012828,2.25069042560053261969316426007
848,1909.20747877366439308338254091,2.25142391364818914278700771334
849,1912.06310540316693198090483891,2.25213557762446046169717884441
850,1914.90164902286209923205499052,2.25282546943866129321418234179
851,1917.72315014805858702754303773,2.25349371345247777559053235926
852,1920.52771021171969558056227679,2.25414050494333297603352379904
853,1923.31549035968937343776066395,2.25476610827630641669139585457
854,1926.08670999522121838328027971,2.25537085479534100513264669755
855,1928.8416450811000027059570349,2.25595514044573099731690881275
856,1931.58062620876544459314845278,2.25651942314108112686115473455
857,1934.30403644491947228276316262,2.25706421988905422670100719092
858,1937.01230896711594834315154253,2.2575901036912773290712721941
859,1939.70592450079083863661863289,2.25809770023374952111364218031
860,1942.38540857108652042018373919,2.25858768438498432606998109209
861,1945.05132858365204121674120125,2.25906077651992106993814309088
862,1947.70429074935771845277019823,2.25951773868835002140692598403
863,1950.34493686854392196563637971,2.25995937064721196056273045157
864,1952.97394099102699608540689881,2.26038650577665161583959131806
865,1955.59200596860723568515390876,2.26080000690012397189035133961
866,1958.1998599172622174947920874,2.26120076202917115184156130185
867,1960.79825260656160740910788561,2.26158968005370427613507253243
868,1963.38795179410524659205501592,2.26196768639873876335490209207
869,1965.96973952296372821664658085,2.26233571866854284029533553607
870,1968.54440840018911652428295079,2.26269472229906795002791143769
871,1971.1127578744626769815183101,2.26304564623933717219462492549
872,1973.67559053085667058146784472,2.26338943868217508094205028064
873,1976.23370842050904886042336166,2.26372704286427153363164188048
874,1978.78790944274433967766301515,2.26405939295508505683943136745
875,1981.33898379682264084022796489,2.26438741005351158953168910273
876,1983.88771052006336787505292451,2.26471199831057462086193256223
877,1986.43485412857357732673054734,2.26503404119563691827449321247
878,1988.98116137621505454147816544,2.2653543979227961896827769538
879,1991.52735814677305056080353232,2.26567390005321166161638627113
880,1994.07414649354608499653029624,2.26599334828812055113242079118
881,1996.6222018397644641817916202,2.26631350946624797296457618638
882,1999.17217035236929555665002406,2.26663511377819648022295921095
883,2001.72466650074832342291398306,2.26695885220922799934644845193
884,2004.28027081103467253614724216,2.26728537422062745762007606579
885,2006.83952782553463624224441223,2.26761528567857021044321402512
886,2009.40294427576629826971538974,2.26794914703811094612834694102
887,2011.97098747646755984037150806,2.26828747178857673037245942284
888,2014.54408394677577132582573287,2.26863072516528803077232627575
889,2017.12261826359751324124634912,2.26897932313115580792041209125
890,2019.70693215098213650265480319,2.26933363163031700730635371145
891,2022.29732380809255657512842376,2.26969396611458199391147971241
892,2024.89404747713766818930045987,2.27006059134208258765616643483
893,2027.49731325139881131450518174,2.27043372144613528702632159209
894,2030.10728712225418536525104445,2.27081352027097783597902801393
895,2032.72409126288616206884808098,2.27120010196970520901547271618
896,2035.34780454515321649985872194,2.27159353185842992912930660931
897,2037.97846328492672184349737812,2.27199382751942778354904947394
898,2040.61606221003906048824090102,2.27240096014480964419625935526
899,2043.26055564386916908986429777,2.27281485611108917585079454702
900,2045.91185889651035945692089262,2.27323539877390039939657876958
901,2048.5698498544284378013785618,2.27366243047106374894714601754
902,2051.23437075853094861090789148,2.27409575472120947739568502381
903,2053.90523015963570610440522478,2.27453513860424773654972893109
904,2056.58220503945327487014181568,2.27498031530912972883865245097
905,2059.26504308438804671380460639,2.27543098683357795216994984132
906,2061.95346509872003222315296185,2.27588682681977928501451761794
907,2064.64716754305809688481001925,2.27634748350943560847277841152
908,2067.34582518335841297671733949,2.27681258280105552089946843556
909,2070.04909383528228023902337936,2.2772817313919497032332490422
910,2072.75661318822770657598701205,2.2777545199870634138197659473
911,2075.46800969301134420033846015,2.27823052655654373677314869391
912,2078.18289949690323915703492774,2.27870931962379741135639794708
913,2080.9008914095276402914775747,2.27919046156574768925682100186
914,2083.62158988303966337181007587,2.27967351190704558355777907644
915,2086.34459798997031789687385606,2.28015803059013149496926104488
916,2089.06952038220124178743236453,2.28064358120327646483344144599
917,2091.79596621468497979653913912,2.2811297341490566846199990612
918,2094.52355201776587832512479976,2.28161606973612840776157385595
919,2097.25190450227931657287575372,2.28210218117767063827298776248
920,2099.98066328201129370251383332,2.28258767748044705837229764491
921,2102.70948349858417309257463323,2.28307218620910333669117766909
922,2105.43803833439507515942598407,2.28355535611105756524883512372
923,2108.16602139986804841539445197,2.2840368595881560654554652784
924,2110.89314898198639972826816354,2.28451639500214978325570147569
925,2113.61916214184373807173640094,2.28499368880199323034782313615
926,2116.34382864978735271197977231,2.28546849746197338305829349062
927,2119.06694474762116096333370835,2.28594060922073480147069439952
928,2121.7883367282829815550632782,2.28640984561237390253778370496
929,2124.50786232440740503205792299,2.28687606278192400972234437351
930,2127.22541189822588370823300305,2.28733915257873750936369140113
931,2129.94090942633447140658170835,2.28779904342248600580728432691
932,2132.6543132739713353887412472,2.28825570093773748432268374163
933,2135.36561675458500250095378194,2.28870912835432476152299440723
934,2138.07484847163441587058925663,2.28915936667198545596422832615
935,2140.78207244073728867093410593,2.2896064945890238381507316641
936,2143.48738799146789295588105289,2.29005062819601270614944556933
937,2146.19092944929321464842737321,2.29049192043681239556929282093
938,2148.89286559932122648418209233,2.29093056034042774678484231591
939,2151.59339893471078177094378402,2.2913667720284459869765109521
940,2154.29276469375326345017551444,2.291800813503992833457633526
941,2156.99122969077566347374185444,2.29223297522930463706029952651
942,2159.68909094712735359682643748,2.29266357850013519490108963639
943,2162.38667412959271496732639986,2.29309297362629132021985832435
944,2165.08433180461346192717851422,2.29352153792861595543133317184
945,2167.78244151770256184261020772,2.29394967356370641464826477007
946,2170.48140370838097633564774205,2.29437780518856339993197435735
947,2173.18163947186413697216595272,2.29480637747820922594737693001
948,2175.88358817956250019082818418,2.29523585251008702551775124914
949,2178.58770497123537827826082572,2.29566670702975276952398401025
950,2181.29445813234550997136158238,2.29609942961299527365406482356
951,2184.00432637079984876353850459,2.29653451774006293245377340125
952,2186.71779600782649925811776509,2.29697247479813707905264471123
953,2189.43535809822568586652916345,2.29741380702856840069940101097
954,2192.15750549564154647566016886,2.29785902043568296276274650824
955,2194.88472987882926080164589293,2.29830861767416676523732554234
956,2197.61751875513681602841860383,2.2987630949321514812012746902
957,2200.35635245758126949038047383,2.29922293882714866195442055781
958,2203.10170115197480628000271903,2.29968862333191524663883373594
959,2205.85402187054575817458323027,2.30016060674718014408194288871
960,2208.61375558840403374772490733,2.30063932873792086848721344514
961,2211.38132435901952785213545834,2.30112520744955205811876738641
962,2214.15712852461688504763523042,2.30161863671997597198298880501
963,2216.94154401704176835899432153,2.30211998340295095364381549484
964,2219.73491976422423713407733013,2.30262958481765999702705117233
965,2222.53757521685608520321424846,2.30314774633871096912250181187
966,2225.34979800931355623812401824,2.30367473914007614517404142675
967,2228.17184176819765154815333778,2.30421079810568526530315753649
968,2231.00392408113456748816262654,2.30475611991852744575223411833
969,2233.84622463768229624913344997,2.30531086133919741614977652215
970,2236.69888355333008794130554715,2.30587513768384545148588200737
971,2239.56199988665961824632632239,2.30644902151046304659765841647
972,2242.4356303587649493596696195,2.30703254152136311662517450566
973,2245.31978828300760432500167117,2.30762568168859979889517129616
974,2248.21444271211844048545699773,2.30822838060792447688445276974
975,2251.11951780855487756423323549,2.30884053108569731032229049794
976,2254.03489244288598038990083993,2.30946197996197334056342299173
977,2256.96040002381465768463370439,2.31009252817176525863319724093
978,2259.89582856226170158335466146,2.31073193104525736358216223053
979,2262.84092097073655576042412909,2.31137989884651333581248634228
980,2265.79537559801064430667134548,2.31203609754899045337415443417
981,2268.75884699789695230248552718,2.31270014984495102171507189315
982,2271.73094692973047735085747157,2.31337163638465425392144345373
983,2274.71124558694431464425450724,2.3140500972400247351416627744
984,2277.69927304895160144989753661,2.314735033586332928302741399
985,2280.69452095038036397569553445,2.31542590959429478576212744615
986,2283.69644436057241251794988911,2.31612215452390711208717027293
987,2286.70446386515462008247134738,2.31682316501028836887788383727
988,2289.71796784042683491657174049,2.31752830753079639161596330009
989,2292.73631491029076881936276531,2.31823692104175001902867822579
990,2295.75883657447370401659700061,2.31894831977219566062282525314
991,2298.78483999588476170185345601,2.3196617961613367928373899657
992,2301.81361093408449630670973462,2.32037662392548840353498965183
993,2304.84441681105514983197750252,2.32109206123973328281165911633
994,2307.87650989473313375972731648,2.32180735401884621102588261215
995,2310.90913058511097982940594365,2.32252173928151857269287029512
996,2313.9415107871365377839890715,2.32323444858146238733332236094
997,2316.97287735413564793208740396,2.32394471148860145228895426676
998,2320.00245558506354067274549539,2.32465175910327008083441432404
999,2323.0294727585520737692763476,2.32535482758613821198125760521
1000,2326.05316168646645740650469408,2.32605316168646645740650469408
1001,2329.07276426951776010794938943,2.32674601825126649361433505438
1002,2332.0875350373972280675717778,2.3274326696980012256163390996
1003,2335.09674465590584315648529863,2.32811240743360502807226849315
1004,2338.09968338364770861497148064,2.32878454520283636316232219187
1005,2341.09566446103846414783794354,2.32944842234929200412720193387
1006,2344.08402741464923309226543112,2.33010340697281235893863362935
1007,2347.064141260261397651854726,2.33074889896748897482805831777
1008,2350.03540758844615851573479832,2.33138433292504579217830833167
1009,2352.9972635170033154372911453,2.33200918088900229478423304787
1010,2355.94918449519354668647214164,2.33262295494573618483809122935
1011,2358.89068694537480907517577409,2.33322520963934204656298296152
1012,2361.82133072840308205120997343,2.33381554419802676092016795793
1013,2364.74072141997692485863959172,2.334393604560687981104283901
1014,2367.64851238599023858631880396,2.33495908519328425896086667057
1015,2370.54440664590392616454384953,2.33551173068561963168920576308
1016,2373.42815851415021282199888947,2.33605133712022658742322725341
1017,2376.29957501063832848628891902,2.33657775320613404964236865194
1018,2379.15851703253189916193668331,2.33709088117144587344001638832
1019,2382.00490028061134484997645432,2.33759067740982467600586501896
1020,2384.83869593471322361232893332,2.33807715287716982707091071894
1021,2387.65993107394699745126477642,2.33855037323599118261632201412
1022,2390.46868883862217307322585879,2.33901045874620564879963391271
1023,2393.26510833206911100919681501,2.33945758390231584653880431574
1024,2396.04938426179882623703921878,2.33989197681816291624710861209
1025,2398.82176632071458397232079775,2.34031391836167276485104468073
1026,2401.58255831035475360705471468,2.34072374104323075400297730476
1027,2404.3321170094059474284558897,2.34112182766251796244250816913
1028,2407.07085079197169315947219447,2.34150860971981682213956439151
1029,2409.79921800130858495150943237,2.34188456559893934397619964273
1030,2412.51772508594293150557054105,2.34225021853004168107336945733
1031,2415.22692450625039904762221373,2.34260613434165897094822717141
1032,2417.92741242071320857430799788,2.34295291901231900055649999794
1033,2420.61982616215844892536011027,2.34329121603306723032464676696
1034,2423.30484151532157600764610448,2.34362170359315432882751073934
1035,2425.98316980806598561118039524,2.34394509160199612136345931907
1036,2428.65555482951773598697483857,2.34426211856131055597198343492
1037,2431.32276958923940623326512343,2.34457354830206307254895383166
1038,2433.98561293236436665998178524,2.3448801666015070969749342825
1039,2436.64490602633839810598568501,2.34518277769618710116071769491
1040,2439.30148873556597056635875008,2.34548220070727497169842187508
1041,2441.95621590083028919162565386,2.34577926599503389931952512379
1042,2444.60995354084653588802606494,2.3460748114595456198541516938
1043,2447.26357499371407654859764245,2.34636967880509499189702554406
1044,2449.91795701635368022124276668,2.34666470978577938718509843551
1045,2452.57397586024834437334524342,2.34696074244999841566827296021
1046,2455.23250334194990968224592008,2.34725860740148174921820833659
1047,2457.89440292686748737316467041,2.34755912409442930981200064032
1048,2460.5605258448174641598769509,2.34786309718016933603041693788
1049,2463.23170725568859159219460848,2.34817131292248674126996626166
1050,2465.90876248335995023411041654,2.34848453569843804784200992052
1051,2468.59248333570538914034257194,2.34880350460105174989566372212
1052,2471.2836345281267998299573551,2.34912893015981634964824843641
1053,2473.98295022758214448123340498,2.34946149119428503749404881764
1054,2476.6911307335147953335648263,2.34980183181547893295404632476
1055,2479.40883931145114194496823111,2.35015055858905321511371396314
1056,2482.13669919431666824980700725,2.35050823787340593584262027202
1057,2484.87529076573025795341910692,2.35087539334506173883956396114
1058,2487.6251489386761857398863013,2.35125250372275631922484527533
1059,2490.38676074202727063368816154,2.35164000070068675225088589381
1060,2493.1605631264055101590700838,2.3520382671003825567538397017
1061,2495.94694099982298691759319656,2.35244763524959753715136022296
1062,2498.74622550245103008145292597,2.3528683855955282769128558625
1063,2501.5586925287248651705892311,2.35330074555853703214542731053
1064,2504.38456150380986690630356674,2.35374488863140025085178906648
1065,2507.22399442023981340377130412,2.35420093372792470742138150622
1066,2510.07709513929316935913796705,2.3546689447835770819504108509
1067,2512.94390896040648806692189698,2.35514893060956559331482839455
1068,2515.82442246064071679902593726,2.35564084500059992209646623339
1069,2518.71856360492279919808669946,2.3561445870953440591188837226
1070,2521.62620212648782487997465794,2.35666000198737179895324734387
1071,2524.5471501756524331273440636,2.35718688158324223447931285117
1072,2527.48116323376457538515662251,2.35772496570313859644137744637
1073,2530.42794128790437810729019242,2.35827394341836381929849971334
1074,2533.38713026066194689682567126,2.35883345461886587234341310173
1075,2536.3583236880966332312520788,2.35940309180288058905232751517
1076,2539.34106463779452931573665655,2.35998240207973469267261771054
1077,2542.33484785779258262410877438,2.36057088937585198015237583508
1078,2545.33912214603435342595784574,2.36116801683305598648048037638
1079,2548.35329292896947825782672776,2.36177320938736744972921846873
1080,2551.37672503691150356121117464,2.3623858565156587995937140506
1081,2554.4087456628317962282216873,2.36300531513675466811121340176
1082,2557.44864749039530301821518787,2.36363091265286072367672383352
1083,2560.49569197624127930836874006,2.3642619501165662782164069622
1084,2563.54911277078265802600305511,2.36489770550810208304981831653
1085,2566.60811926114503913508947091,2.36553743710704611901851564139
1086,2569.67190021929352702176347902,2.36618038694225923298504924403
1087,2572.73962753790561119445913648,2.36682578430350102225801208508
1088,2575.81046003614335012687104343,2.3674728492979258732783741208
1089,2578.88354731716023394177116825,2.36812079643449057294928481933
1090,2581.95803365894879431492519066,2.36876883821921907735314237675
1091,2585.03306191999538756590615498,2.36941618874426708301182965626
1092,2588.10777744115924490677199999,2.3700620672538088323322087912
1093,2591.18133192523406203948760242,2.37070570166993052336641134714
1094,2594.25288727578184190449365809,2.37134633206195780795657555584
1095,2597.32161937704971724520471515,2.37198321404296777830612302753
1096,2600.38672179708992982786386655,2.37261562207763679728819695853
1097,2603.44740939659946061984889153,2.37324285268605237978108376621
1098,2606.50292182647699175331733713,2.37386422752866756990283910485
1099,2609.55252689765852025582789902,2.37447909635819701570139026298
1100,2612.59552380743621276759618393,2.37508683982494201160690562175
1101,2615.63124620718477521789433107,2.3756868721227836287174335432
1102,2618.65906509721212115496067902,2.37627864346389484678308591562
1103,2621.67839153531250850031061934,2.37686164237109021622874942823
1104,2624.68867914652628993166928083,2.37743539777765062493810623263
1105,2627.68942642259638287034699865,2.37799948092542659083289321145
1106,2630.68017880065261305367757427,2.37855350705303129570856923533
1107,2633.6605305117460531105132861,2.37909713686697927110254136052
1108,2636.63012619099095265771241768,2.37963007778970302586436138779
1109,2639.58866224224621039170730245,2.38015208497948260630451515099
1110,2642.53588795147575362447088407,2.38066296211844662488691070637
1111,2645.47160634416168877806168431,2.38116256196594211411166668255
1112,2648.39567478339955921171896658,2.38165078667571902806809259585
1113,2651.30800530657528611768876118,2.38212758787652766048309861741
1114,2654.20856469980209665271229424,2.38259296651687800417658195174
1115,2657.0973743105766455878141531,2.38304697247585349380073018215
1116,2659.97450960039029059778364475,2.38348970394300205250697459207
1117,2662.84009944029778972813413495,2.38392130657143938203055876003
1118,2665.6943251536953115042168804,2.38434197240938757737407592164
1119,2668.53741931178642956873445259,2.38475193861643112561995929632
1120,2671.36966428841267821562129719,2.38515148597179703412109044392
1121,2674.19139058208838381181039498,2.3855409371829512790471100758
1122,2677.00297491420214765240526398,2.38592065500374522963672483421
1123,2679.8048381134240310760610743,2.38629104017223867415499650427
1124,2682.59744279738290875192784783,2.38665252917916628892520271159
1125,2685.38129086364759439733291799,2.38700559187879786168651814933
1126,2688.15692080295347144949550108,2.38735072895466560519493383755
1127,2690.92490484845905263068616445,2.38768846925329108485420245293
1128,2693.68584597559004858690610281,2.38801936699963656789619335355
1129,2696.44037476772839716470255015,2.3883439989085282525816674492
1130,2699.18914616362690885074242089,2.38866296120674947685906408928
1131,2701.93283610297372160734594214,2.38897686658087862211082753505
1132,2704.67213808699202941960678355,2.3892863410662473758123734837
1133,2707.40775967133736412254903658,2.38959202089261903276482704023
1134,2710.14041890884530213251344118,2.38989454930233271792990603279
1135,2712.87084075988549959169622271,2.39019457335672731241559138565
1136,2715.59975348819253097646843234,2.39049274074664835473280671861
1137,2718.32788506006965827642709233,2.39078969662275255785085936001
1138,2721.05595956479837433601021271,2.39108608046115850117399842944
1139,2723.78469367393477165019073795,2.39138252297974958002650635465
1140,2726.51479315693435408572964607,2.3916796431201178544611663562
1141,2729.24694947022113681484024411,2.39197804510974683331712554261
1142,2731.98183643640650148108527765,2.39227831561856961600795558463
1143,2734.72010702987044177596739652,2.39258102102350869796672563125
1144,2737.46239028434511092819316081,2.39288670479400796409807094476
1145,2740.20928833749092503354819982,2.39319588501090910483279318761
1146,2742.9613736267322238124421517,2.39350905203030735062167727025
1147,2745.7191862498263466963112989,2.39382666630324877654429930157
1148,2748.48323150278099611221631783,2.39414915636130748790262745456
1149,2751.25397760681430560147429284,2.39447691697721001357830660822
1150,2754.03185363507478521549789059,2.39481030750876068279608512225
1151,2756.81724764880923726893143974,2.39514965043337031908682140724
1152,2759.61050505159103339323282989,2.39549523007950610537607016483
1153,2762.41192716910425872739188137,2.39584729156036796073494525704
1154,2765.22177006082680188833257956,2.39620603991406135345609408974
1155,2768.04024356877331371741693886,2.39657163945348338849992808559
1156,2770.86751060725303091581569792,2.3969442133280735561555499117
1157,2773.70368669637383347307626399,2.39732384329850806696030792048
1158,2776.54883974078873143473148777,2.39771056972434260054812736423
1159,2779.40299005394046364321969179,2.39810439176353793239276936306
1160,2782.26611062682026655202895748,2.39850526778174160909657668748
1161,2785.13812763902435313696625334,2.39891311596815189762012597187
1162,2788.01892120867240742259433828,2.39932781515376282910722404327
1163,2790.90832637655255444651208008,2.39974920582678637527645062776
1164,2793.80613431868281143848392346,2.4001770913390745802736116181
1165,2796.71209378033583402899127799,2.40061123929642560860857620429
1166,2799.6259127234675501209898395,2.40105138312475776168180946784
1167,2802.54726017842654211494951027,2.40149722380327895639670052294
1168,2805.47576828980509613929869464,2.40194843175497011655761874541
1169,2808.41103454532974124590756875,2.40240464888394332014192264222
1170,2811.35262417578363918542918484,2.40286549074853302494481126909
1171,2814.30007271310985009577401348,2.40333054885833462860441845728
1172,2817.25288869306746927709974016,2.40379939308282207276203049501
1173,2820.2105564881057468090406237,2.40427157415865792566840632881
1174,2823.1725392554880511863737526,2.40474662628235779487766077734
1175,2826.13828198514103368100043665,2.4052240697745881137710642014
1176,2829.1072146312273168080690889,2.40570341380206404490482065382
1177,2832.07875531104479139179136693,2.40618415914277382446201475525
1178,2835.05231355454407243107028833,2.40666580098008834671567936191
1179,2838.02729358752932184767350145,2.40714783171122079885298855085
1180,2841.00309763146755404821720792,2.40762974375548097800696373552
1181,2843.97912920277832093248967412,2.40811103234782245633572368681
1182,2846.95479639450951160544188682,2.40859119830330753942930785687
1183,2849.9295151234256451352000719,2.40906975073831415480574815884
1184,2852.90271232574179172912301623,2.40954620973457921598743497992
1185,2855.8738290850280047801946254,2.41002010893251308420269588641
1186,2858.84232367618433194132738791,2.41049099804062759860145648222
1187,2861.80767450984312674854960769,2.41095844524839353559271239064
1188,2864.76938296209112292032950282,2.41142203953037973309792045692
1189,2867.72697607501578359064792513,2.41188139283012261025285780078
1190,2870.68000911426563650067468393,2.4123361421128282659669535159
1191,2873.62806797056912557680684809,2.41278595127671631030798224021
1192,2876.57077139297707213879776083,2.41323051291357136924395785305
1193,2879.50777304247593840768034348,2.41366954990987086203493742119
1194,2882.43876335555820692596289453,2.41410281688070201585089019642
1195,2885.36347120832753141149846854,2.41453010142956278779204892765
1196,2888.28166537275481569369337956,2.41495122522805586596462657154
1197,2891.19315575778174034734347169,2.41536604491042751908717082013
1198,2894.09779442908497517843964425,2.4157744527788689275279128917
1199,2896.99547640246170245905516913,2.41617637731648182023273992422
1200,2899.8861402069692909739902205,2.41657178350580774247832518375
1201,2902.76976821514304178599548173,2.41696067295182601314404286572
1202,2905.64638673881981750210576047,2.41734308380933429076714289556
1203,2908.51606589030594970218029024,2.4177190905156325433933335746
1204,2911.37891920983894449039284749,2.41808880333043101701859871054
1205,2914.23510306149802369770079398,2.41845236768589047609767700745
1206,2917.08481580091232935188711691,2.41880996335067357326027124122
1207,2919.92829671929162312299833416,2.41916180341283481617481220726
1208,2922.76582476945656376299093249,2.41950813308729847993625077193
1209,2925.59771708066829908419092256,2.41984922835456434994556734703
1210,2928.42432727014447096055472387,2.42018539443813592641368158998
1211,2931.24604356019528825301887002,2.42051696412898041969696025601
1212,2934.06328671091376713931391068,2.42084429596610046793672764908
1213,2936.87650777930349907996624617,2.42116777228302019709807604795
1214,2939.68618571662057143903840934,2.4214877971306594492908059385
1215,2942.49282481653900653366042136,2.42180479408768642513058470894
1216,2945.29695202751708040063233095,2.42211920396999759901367790374
1217,2948.09911414344123973048025404,2.4224314824514718485870831997
1218,2950.89987488725150880867002535,2.42274209760858087751122333773
1219,2953.69981190280408803146902944,2.42305152740180811159267352702
1220,2956.49951367070049327618721983,2.42336025710713155186572722937
1221,2959.29957636420566836669077141,2.42366877671106115345347319526
1222,2962.10060066168802606211083772,2.42397757828288709170385502269
1223,2964.90318853224075914259664363,2.42428715333789105408225400133
1224,2967.70794001128486070275419239,2.42459799020529808880943969966
1225,2970.51544998300938162422214552,2.42491057141470153601977318002
1226,2973.32630498647324845054145952,2.42522537111457850607711375164
1227,2976.14108006207561817526931522,2.42554285253632894716810865137
1228,2978.96033565489884525106728399,2.4258634655170186036246476254
1229,2981.78461459114070079177168242,2.42618764409368649372804856178
1230,2984.61443914348196259652900223,2.42651580418169265251750325385
1231,2987.45030820078375589709426929,2.4268483413491338390715631757
1232,2990.29269455697834835070419576,2.42718562869884606197297418487
1233,2993.14204233341016816582958945,2.42752801486894579737699074571
1234,2995.99876454820368694820906968,2.42787582216223961665170913264
1235,2998.86324084548492527345705759,2.42822934481415783422951988469
1236,3001.73581539646748903478586547,2.42858884740814521766568435718
1237,3004.61679498353635265549413233,2.42895456344667449689207286364
1238,3007.50644727752750940872656939,2.42932669408524031454662889289
1239,3010.40499931741383888863469407,2.4297054070358465204912305844
1240,3013.31263620057209430767126514,2.43009083564562265669973489124
1241,3016.22949999072802744817232395,2.4304830781553005861790268525
1242,3019.15568884956180262797595311,2.43088219714135410839611590428
1243,3022.09125639680964752389256963,2.4312882191446578017086826787
1244,3025.03621130252595303117491637,2.43170113448756105549129816429
1245,3027.99051711397870253710948335,2.43212089728030417874466625168
1246,3030.95409231844622031545500151,2.43254742561673051389683386959
1247,3033.9268106419708873320976148,2.4329806019582765736424198996
1248,3036.90850158291182883475037725,2.43342027370425627310476793049
1249,3039.89895117792978908823255258,2.43386625394550023145575064258
1250,3042.89790299683961007683423757,2.43431832239747168806146739005
1251,3045.9050593615850057461686415,2.43477622650806155535265279097
1252,3048.92008278343267082833196384,2.43523968273437114283413096153
1253,3051.94259761135406929289602798,2.43570837798192663151867200956
1254,3054.97219188346925450711694331,2.43618197119893879944746167728
1255,3058.00841937237335153823507898,2.43666009511742896536911161672
1256,3061.05080181415825160842892505,2.43714235813229160159906761548
1257,3064.09883130998477199199660596,2.43762834630865932537151679074
1258,3067.15197288815891068696560451,2.43811762550728053313749253141
1259,3070.20966721382448495215047285,2.43860974361701706509305041529
1260,3073.2713334326076958092941982,2.43910423288302198080102714143
1261,3076.33637213384099318048490222,2.43960061231866851164193885981
1262,3079.40416841835767136811678214,2.44009839018887295671007668949
1263,3082.47409505528818311710221632,2.44059706655208882273721473976
1264,3085.54551571180712502262719152,2.44109613584794867485967341101
1265,3088.61778823937872676165247721,2.44159508951729543617521934957
1266,3091.69026799973057464377919072,2.44209341864117738913410678572
1267,3094.76231121355190255954270524,2.44259061658528169104936282971
1268,3097.83327831476535129399025481,2.44308618163625027704573363944
1269,3100.90253729316045905314686839,2.44357961961635969980547428557
1270,3103.96946700820369416940553199,2.44407044646315251509402010393
1271,3107.03346045695352893739165485,2.44455819076078169074539075912
1272,3110.09392797920939640531788912,2.44504239621007028019285997572
1273,3113.15030038330944833408831571,2.44552262402459501047453913253
1274,3116.20203197636248906985565605,2.4459984552404729113578144867
1275,3119.24860348315251796369998004,2.44646949292796275918721567062
1276,3122.28952483848777670338118182,2.4469353642934857184195777287
1277,3125.32433783837746606282497089,2.44739572266121962886673842669
1278,3128.35261863610537460407461597,2.44785024932402611471367340842
1279,3131.3739800700271769861447848,2.44829865525412601797196621173
1280,3134.38807381074337738294424427,2.44874068266464326358042519084
1281,3137.39459231618871669065824161,2.44917610641388658601924921281
1282,3140.39327058412693053703868378,2.44960473524502880697116902011
1283,3143.38388769254233751586734906,2.45002641285467056704276488625
1284,3146.36626811947187498248778908,2.45044101878463541665302787312
1285,3149.34028283491765187759598084,2.45084846913223163570240932361
1286,3152.30585015861539647816940997,2.4512487170751286131245485303
1287,3155.2629363786026843694856962,2.45164175320792749368258406853
1288,3158.21155612672670976066695235,2.45202760568845241441045570835
1289,3161.15177250844864089941499145,2.45240634019274526058915049764
1290,3164.0836969855341948695966346,2.45277805967870867819348576325
1291,3167.00748901146181367837411399,2.45314290395930427085853920526
1292,3169.92335542062450638204955726,2.45350104908717067057434176258
1293,3172.83154957364280519237691512,2.4538527065534747139925575523
1294,3175.73237026233814237979889707,2.45419812230474354125177658197
1295,3178.62616037913210703222696636,2.45453757558234139539168105511
1296,3181.51330535683137732938615563,2.45487137759014766769242758922
1297,3184.39423138592463985105733723,2.45519986999685785647729941189
1298,3187.26940341765063144894512281,2.45552342328016227384356326873
1299,3190.13932296218986370632766354,2.45584243492085439854220759318
1300,3193.00452569238109938136723272,2.45615732745567776875489787132
1301,3195.86557886436194862004407162,2.45646854639843347318988783368
1302,3198.72307856747599061679904582,2.45677655803953609110353229326
1303,3201.57764681667182599732234616,2.45708184713482104834790663558
1304,3204.42992850143794444804014622,2.4573849144949677488098467379
1305,3207.2805882060670872789303083,2.45768627448740772971565540866
1306,3210.1303069167210712278811132,2.45798645246303297950067466554
1307,3212.97977863136835202752694648,2.45828598212040424791700607994
1308,3215.82970688918885428706238469,2.45858540282048077544882445313
1309,3218.68080123648108005697693929,2.45888525686514979377920316218
1310,3221.53377364646293943815912725,2.45918608675302514460928177653
1311,3224.38933491062824726529479558,2.45948843242610850287207841005
1312,3227.24819101950395143393642184,2.45979282852096337761732958982
1313,3230.11103955074788621690217102,2.46009980163804104053077088425
1314,3232.9785660825326027717070884,2.46040986764271887577755486179
1315,3235.85144065007748641316930364,2.46072352901146576913548996474
1316,3238.73031426301923705439354693,2.46104127223633680627233552198
1317,3241.61581550105061864683104788,2.4613635653007218061099704236
1318,3244.50854720491036731151657236,2.46169085523893047595714459208
1319,3247.4090832793749109810342699,2.46202356579179295752921476111
1320,3250.31796562438714573595185794,2.46236209516999026192117564996
1321,3253.23570120986140074898314922,2.4627068139363068892876481069
1322,3256.16275930902977307762001047,2.46305806301742040323571861609
1323,3259.09956890444648274058061963,2.46341615185521276095281981831
1324,3262.0465162799474178694162606,2.46378135670690892588324490982
1325,3265.00394281097559468739111586,2.46415391910262309033010650254
1326,3267.97214296473416857400192387,2.46453404446812531566666811755
1327,3270.95136252062153563321489087,2.46492190091983536973113405491
1328,3273.94179702034288536962528256,2.46531761823821000404339253205
1329,3276.9435904559844975665330386,2.4657212870248190350387758003
1330,3279.95683420318655473693833565,2.46613295804750868777213408696
1331,3282.98156620536291436518315359,2.46655264177713216706625330849
1332,3286.01777041369798767187322202,2.46698030811839188263654145797
1333,3289.06537648640759631305464151,2.4674158863363897946834618466
1334,3292.12425974948854544687966776,2.46785926517952664576227861152
1335,3295.19424141990687847700345183,2.46831029319843211870936588152
1336,3298.27508909089364950175948158,2.46876877925965093525580799519
1337,3301.36651747773588334337000929,2.46923449325185929943408377658
1338,3304.46818942117551320234703348,2.46970716698144657190010989049
1339,3307.57971714426678819703869316,2.47018649525337325481481605165
1340,3310.70066375729916427090661532,2.4706721371323128091573929965
1341,3313.83054500417417940243654936,2.47116371737820595033738743427
1342,3316.96883124243729466540235366,2.47166082804950618082369773
1343,3320.11494964801503314243305667,2.4721630302665785801507319856
1344,3323.26828663459966620804879102,2.47266985612693427545241725522
1345,3326.42819047656367068642532908,2.47318081076324436482262106251
1346,3329.59397412327946517031715149,2.4736953745343829607506070962
1347,3332.76491819177152243478843281,2.47421300533910283773926386994
1348,3335.94027412374255437771441678,2.47473314104135204330690980473
1349,3339.1192674921974737355759644,2.47525520199569864620872940282
1350,3342.30110144214231901277202027,2.47577859366084616223168297798
1351,3345.48496024916400001758980618,2.47630270928879644708925966409
1352,3348.67001297910392534161302053,2.47682693267685201578521673116
1353,3351.85541723152726743808990243,2.47735064096934757386407235952
1354,3355.04032294926236144962402059,2.47787320749576245306471493396
1355,3358.22387627594366206781720146,2.47839400463169273953344442912
1356,3361.40522344323851490216450431,2.4789124066690549519927466846
1357,3364.58351466927401789556876737,2.47942779268185262925244566497
1358,3367.75790804970629699861347376,2.47993954937386325257629858156
1359,3370.92757342289099705422409262,2.48044707389469536207080507183
1360,3374.09169619072064576104756304,2.48094977661082400423606438459
1361,3377.24948107689129163213578986,2.48144708381843592331530917697
1362,3380.40015580464650823776814406,2.48193844038520301632728938624
1363,3383.54297467642011974923795257,2.48242331230845203209775345016
1364,3386.67722203825802753860770409,2.48290118917760852458842207045
1365,3389.80221561244207154680199522,2.48337158652926159087677801848
1366,3392.91730968236229810837876065,2.4838340480837205696254602933
1367,3396.02189811438528339076085163,2.48428814785251300906419959885
1368,3399.1154172022418497879464477,2.48473349210690193697949301733
1369,3402.19734832030381544555735058,2.48516972119817663655628732694
1370,3405.26722037303219005232066812,2.48559651122119137960023406432
1371,3408.32461202885400063784291987,2.486013575513387308999156032
1372,3411.36915372775692111326944624,2.48642066598233011742949668093
1373,3414.40052945297502832611146397,2.48681757425562638625354076035
1374,3417.41847825826999810025933164,2.4872041326479403188502615223
1375,3420.42279554348433906117871025,2.48758021494071588295358451654
1376,3423.41333407225108880598520157,2.48794573697111270988807064067
1377,3426.39000472698184031468603925,2.48830065702758303581313437854
1378,3429.35277699751595527590873622,2.48864497605044699221764059232
1379,3432.30167920109216889049238047,2.48897873763676009346663696916
1380,3435.23679843259322686184353374,2.48930202784970523685640835778
1381,3438.15828024530839537255060148,2.48961497483367733191350514227
1382,3441.0663280637513024581706978,2.48991774823715723766871975239
1383,3443.96120233135526722799205549,2.49021055844638847955747798662
1384,3446.84321939713875548030228557,2.49049365563377077708114326992
1385,3449.7127501466836419590602214,2.49076732862576436242531423928
1386,3452.57021838399243907842661288,2.49103190359595414074922555042
1387,3455.41609897198158072415950068,2.49128774258974879648461391541
1388,3458.250915740520401735337644,2.49153524188798299836839887896
1389,3461.07523917203399439897685049,2.49177483021744708020084726457
1390,3463.88968387574723766054990247,2.49200696681708434364068338307
1391,3466.69490586265181382980726303,2.49223213936926801856923599067
1392,3469.49159963422305411068295962,2.4924508618061947227806630457
1393,3472.28049509879438696417361863,2.49266367200200602079265873555
1394,3475.06235433030971938385124696,2.49287112936177167818066803943
1395,3477.83796818491431760941616922,2.49307381231893499470209044389
1396,3480.60815279150908676080152139,2.49327231575323000484298103252
1397,3483.37374593297837126916488633,2.49346724834143047334943800024
1398,3486.13560333530469528452324965,2.49365922985357989648392221005
1399,3488.89459488220282627526163422,2.49384888840757886081148079644
1400,3491.65160077323818575152997666,2.49403685769517013267966426904
1401,3494.407507643639386212814257,2.49422377419246208866011010492
1402,3497.16320466417041619399242239,2.49441027436816720127959516575
1403,3499.91957963949403959731226295,2.49459699190270423349772791372
1404,3502.67751512343407926281183711,2.49478455493122085417579190677
1405,3505.43788456943062082950722605,2.49497358332343816429146421783
1406,3508.20154853427944800283513916,2.49516468601300102987399369784
1407,3510.96935095295629131302553738,2.49535845838873936838168126324
1408,3513.74211550194926095897406069,2.49555547975990714556745316811
1409,3516.52064206806108892587044496,2.49575631090706961598713303404
1410,3519.30570333909889178793961779,2.49596149172985737006236852325
1411,3522.09804153224585403014005024,2.49617153900230039265070166565
1412,3524.89836527520968394861878541,2.49638694424589920959533908315
1413,3527.70734665447044692532087819,2.4966081717299861620136736576
1414,3530.52561844410932813186345844,2.49683565660828099584997415731
1415,3533.35377152779425025802859498,2.49706980319985459382192833567
1416,3536.19235252553261993855521897,2.49731098342198631351592882696
1417,3539.04186163578064111814187624,2.49755953538163771426827231915
1418,3541.90275070242772602812245784,2.4978157621314723032638381226
1419,3544.77542151505890996310602427,2.49807993059553129666180833282
1420,3547.66022434974340689116863874,2.49835227066883338513462580193
1421,3550.55745675640929052185422539,2.49863297449430632689785659774
1422,3553.46736259764867157258249669,2.49892219591958415722403832397
1423,3556.39013134256071917465513785,2.49922005013532025240664451008
1424,3559.32589761798759575575882528,2.49952661349577780600825760202
1425,3562.27474101823706327601713063,2.49984192352156986896562605658
1426,3565.23668617312143611889364445,2.50016597908353536894733074646
1427,3568.21170307288197154918848926,2.50049874076585982589291414805
1428,3571.1997076473169480629064397,2.50084013140568413729895408943
1429,3574.20056259519677597730592169,2.50119003680559606436480470377
1430,3577.21407845883661841820021491,2.5015483066145710618309092412
1431,3580.24001493751216360704751848,2.50191475537212590049409330432
1432,3583.27808243225322436734193596,2.5022891637096740393626689497
1433,3586.32794381343841652488683077,2.50267127970232966959168655322
1434,3589.38921640154774980374687745,2.50306082036370135969577885456
1435,3592.46147415041378818392998424,2.50345747327554967817695469285
1436,3595.54425002135108061021342575,2.50386089834355924833580322128
1437,3598.63703853564252572195606286,2.50427072966989737350170915996
1438,3601.73929849202461011911023042,2.50468657753270139785751754549
1439,3604.85045583504511697296115126,2.50510803046215782972408697099
1440,3607.9699066594706629940058359,2.50553465740241018263472627493
1441,3611.09702033530064506985548849,2.50596600994816144696034385045
1442,3614.23114273740184066674647445,2.50640162464452277438748021806
1443,3617.37159956331659031718566372,2.50684102533840373549354515851
1444,3620.51769972241937011754147038,2.50728372556954250008139991023
1445,3623.66873877930339243244347032,2.5077292309891372958009989414
1446,3626.8240024340719821413936949,2.50817704179396402637717406286
1447,3629.98277002208975851554487439,2.50862665516384917658296121243
1448,3633.14431801571656631553287484,2.50907756769041199331183209589
1449,3636.30792351060266150451781251,2.50952927778509500448897019497
1450,3639.47286767926644526535699965,2.50998128805466651397610827562
1451,3642.63843917490519605714464015,2.51043310763260178915034089603
1452,3645.80393746870348218798583591,2.51088425445502994641045856468
1453,3648.96867610430153022360809875,2.51133425747026946333352243548
1454,3652.13198585356464427010468073,2.51178265877136495479374462223
1455,3655.29321775835227889828065676,2.51222901564147922948335440327
1456,3658.45174604361863272941476884,2.51267290250248532467679585772
1457,3661.60697088788234134911019337,2.51311391275764059117989718145
1458,3664.75832103787733735426057085,2.51355166051980612987260670154
1459,3667.90525625503619995892556835,2.51398578221729691566752951909
1460,3671.04726958235700294860662228,2.51441593807010753626616891937
1461,3674.18388942116015438952577497,2.51484181342995219328509635521
1462,3677.31468140824809460501851494,2.51526311997828187045486902527
1463,3680.43925008503281933512215325,2.51567959677719263112448540892
1464,3683.55724035128863618476901824,2.51609101116891300285844878295
1465,3686.66833869731475982611388577,2.5164971595203513718949582838
1466,3689.77227420944855044034021475,2.51689786780999218993201924608
1467,3692.8688193450495052026502549,2.51729299205524846980412423647
1468,3695.95779047427051776203123673,2.51768241857920334997413571985
1469,3699.03904818714033835649106774,2.51806606411650125143396260568
1470,3702.11249736569346001010920642,2.51844387575897514286401986832
1471,3705.17808702209466754277510737,2.51881583074241649730984031772
1472,3708.23580990490907104477342555,2.5191819360767045319597645554
1473,3711.2857018768585019181263373,2.51954222802230719750042521201
1474,3714.3278410685756489030971803,2.5198967714169441308704865538
1475,3717.36234681401232880957318642,2.5202456588569575110573377535
1476,3720.38937837427203065864297368,2.52058900973866668743810499572
1477,3723.40913345771371401095167018,2.52092696916568294787471338536
1478,3726.4218465452083448121487852,2.52125970672882837943988415778
1479,3729.427787030416595838773046,2.52158741516593414187881882758
1480,3732.42725718589054903592437616,2.52191030890938550610535430821
1481,3735.42058996667940847719404516,2.52222862252983079573071846399
1482,3738.4081466639347532633918039,2.52254260908497621677691754649
1483,3741.39031442176063260368334423,2.52285253838284600984739267986
1484,3744.36750363123406961005934235,2.52315869516929519515502651102
1485,3747.3401452161288896804346526,2.52346137724991844422924892431
1486,3750.30868782540718918511765362,2.52376089355680160779617607915
1487,3753.27359494799556287428657762,2.52405756217081073495244558011
1488,3756.2353419657351665281622522,2.5243517083103058914839800082
1489,3759.19441316068396880614383091,2.5246436622973028668946567031
1490,3762.15129869315472748700742481,2.52493375751218438086376337236
1491,3765.10649156699232237276690573,2.52522232834808338187308310243
1492,3768.06048459862853454789717996,2.5255097081760244869623975737
1493,3771.01376740640105908787680228,2.52579622733181584667640777112
1494,3773.96682343648679100056308123,2.52608221113553332730961384286
1495,3776.92012704157798143997874436,2.52636797795423276350500250459
1496,3779.87414062812490243954360777,2.52665383731826530911734198381
1497,3782.82931188758178702648728112,2.52694008810125703876184855118
1498,3785.78607112662604695843122328,2.52722701677344862947825849351
1499,3788.74482871077653746242901659,2.52751489573767614240322149206
1500,3791.70597263521775558449348676,2.52780398175681183705632899117
1501,3794.66986623594652344962288258,2.5280945144809770309457847319
1502,3797.6368460535994801179481087,2.52838671508228993350063123083
1503,3800.60721986149749086401330405,2.52868078500432301454691503929
1504,3803.5812648685611107410739561,2.52897690483281988746082044953
1505,3806.55922610681404403951312062,2.52927523329356414886346386752
1506,3809.54131501220393728398897479,2.52957590638260553604514540159
1507,3812.52770820643690173216123531,2.52987903663333570121576724307
1508,3815.51854648644918372078346499,2.53018471252417054623394128978
1509,3818.51393402703189342764625705,2.5304929980298422090309120325
1510,3821.51393780098834662494110204,2.53080393231853532889068947155
1511,3824.51858722004419919252155772,2.53111752959632309675216516063
1512,3827.52787399855410793866552908,2.53143377909957282271075762505
1513,3830.54175224086116898567480021,2.53175264523520235888015518851
1514,3833.56013875197295940519101085,2.53207406786788174333235865974
1515,3836.58291357002675836932389976,2.53239796275249290981473524736
1516,3839.60992071783256597060653646,2.53272422210938823612836842775
1517,3842.6409691696119510091627296,2.53305271533923002703306705972
1518,3845.67583402789955745966484327,2.53338328987345161887988461349
1519,3848.71425790444820066536405018,2.53371577215566043493440687965
1520,3851.75595249788367991800688935,2.53404996874860768415658347984
1521,3854.80060035979735972511736023,2.53438566756068202480283850113
1522,3857.84785683994867936290796326,2.53472263918524880378640470648
1523,3860.89735220028127914707750771,2.53506063834555566588777249357
1524,3863.94869388654038381911703811,2.53539940543736245657422377829
1525,3867.00146894542019649170348499,2.53573866816093127638800228524
1526,3870.05524657437278099217939935,2.53607814323353393249815163784
1527,3873.10958079047838618258044793,2.53641753817320130070895903597
1528,3876.16401320411520159978369099,2.53675655314405445130875896008
1529,3879.21807588257758754119199884,2.5370948828532227518255016343
1530,3882.27129428827898420174727288,2.53743221848907123150440998227
1531,3885.32319027574167924834446693,2.53776824969022970558350389741
1532,3888.3732851312227089748425705,2.53810266653474067165459697813
1533,3891.42110263855528282046145071,2.53843516153852268938060107678
1534,3894.46617215459973290083922144,2.53876543165228144256899558112
1535,3897.50803167759815039438491391,2.53909318024599228038722144228
1536,3900.54623089171319746479748691,2.53941811907012577959947753054
1537,3903.58033417110425905625259717,2.53973997018289151532612400597
1538,3906.60992352705286822577881969,2.54005846783293424462014227548
1539,3909.6346014818935102411120145,2.54037336028713028605660299838
1540,3912.65399385383435996279628084,2.54068441159339893504077680574
1541,3915.66775243716368186213285839,2.54099140326876293436867803919
1542,3918.67555756282955009049985134,2.5412941359032617056358624198
1543,3921.67712052495084453493681038,2.5415924306707393678126615751
1544,3924.67218585946336625849305189,2.54188613073799440819850586262
1545,3927.66053346182322562174480626,2.54217510256428687742507754451
1546,3930.64198053147685288209561002,2.54245923708374958142438267142
1547,3933.61638333165917655435946659,2.54273845076383915743656074117
1548,3936.58363875399448920331025616,2.54301268653358817131996786574
1549,3939.54368567834374206031039823,2.54328191457607730281491955987
1550,3942.49650611936265843067130898,2.54354613298023397318107826386
1551,3945.44212615230204591536996905,2.54380536824777694772106380983
1552,3948.38061661168969411650166205,2.54405967565186191631217890596
1553,3951.3120935576767298947185164,2.54430913944473710875384321726
1554,3954.23671850600454328375774652,2.54455387291248683608993419982
1555,3957.1546984187455140533844707,2.54479401827572058781568133164
1556,3960.06628545418575459197159679,2.54502974643585202737273238868
1557,3962.97177647544483499061466025,2.54526125656740194925537229303
1558,3965.87151231865980004503068029,2.54548877555754801029847925564
1559,3968.76587682279251871150247376,2.54571255729492785036016836034
1560,3971.65529562434431309880552821,2.54593288181047712378128559501
1561,3974.54023472147371161631866451,2.54615005427384606765939696637
1562,3977.42119881320593225620531236,2.54636440384968369542650788243
1563,3980.29872942059028831310703819,2.54657628241880376731484775316
1564,3983.17340279779819994467020825,2.54678606316994769817434156538
1565,3986.04582764225411907402515647,2.54699413906853298343388188912
1566,3988.91664261394883790456520771,2.54720092120941815958145926418
1567,3991.78651367509396404237608248,2.54740683706132352523444548978
1568,3994.65613126223265194551504108,2.54761232861111776272035398028
1569,3997.52620730382008394254357689,2.5478178504167113345714108202
1570,4000.39747209712308066233593222,2.54802386757778540169575537084
1571,4003.27067105905728346226238767,2.5482308536340275515354948362
1572,4006.14656136627861198809817854,2.54843928840094059286774693291
1573,4009.02590850046952875325676289,2.54864965575363606405165719192
1574,4011.90948271530677717790552342,2.54886244136931815576741138718
1575,4014.79805544206282126320028934,2.5490781304394049658813970091
1576,4017.69239565117572386791592995,2.5492972053624211445862410723
1577,4020.59326618741958749058002965,2.54952014342892808338020293573
1578,4023.50142009651829950873509428,2.54974741450983415684964201158
1579,4026.4175969611679564107210246,2.5499794787594477241359854494
1580,4029.3425192644672089777152485,2.55021678434459949935298433449
1581,4032.27688879869953406896900533,2.55045976521106864899998039553
1582,4035.22138313726720324768514434,2.55070883889839899067489579289
1583,4038.17665218734403159868324488,2.55096440441398864914635707194
1584,4041.14331484049384002652462284,2.55122684017707944446118978715
1585,4044.12195573809537546589894356,2.55149650204296238199741258269
1586,4047.11312216792405950924413054,2.55177372141735438808905682884
1587,4050.11732110766865113842616035,2.5520588034704906434394619788
1588,4053.13501643050939718187826608,2.55235202546001851207926842952
1589,4056.16662628715658488024614874,2.55265363517127538381387422828
1590,4059.21252067794806602000847823,2.55296384948298620504403048946
1591,4062.27301922773511746214206309,2.55328285306582974070530613645
1592,4065.34838917535211026825031842,2.55361079722069856172628788845
1593,4068.43884358847137598690026948,2.55394779886281944506396752635
1594,4071.54453981359518413716572614,2.55429393965721153333573759482
1595,4074.66557816983695916657434012,2.55464926531024260762794629475
1596,4077.8020008939991023108595811,2.55501378502130269568349597814
1597,4080.9537913432706061701198488,2.55538747109785260248598612949
1598,4084.12087346064982049370902264,2.55577025873632654599105696035
1599,4087.30311150695218194723850541,2.55616204597057672416963008468
1600,4090.50031006199553675505203722,2.55656269378874721047190752326
1601,4093.71221429627305416894791535,2.5569720264186589969824783981
1602,4096.93851051313192403652570335,2.5573898317809812259903406388
1603,4100.1788269601813778323097206,2.55781586210865962434953819126
1604,4103.43273490736241372614695595,2.55824983473027581903126368825
1605,4106.69974998783027537042741368,2.55869143301422447063578032005
1606,4109.97933379653552089726821649,2.5591403074698228648177261622
1607,4113.27089574014663878339023741,2.55959607700071352755655895296
1608,4116.57379513074273143823733558,2.56005833030518826581979933805
1609,4119.88734351452477097697527873,2.56052662741735535797201695384
1610,4123.21080722565414507905523452,2.56100050138239387893109020777
1611,4126.54341015423327073189383131,2.56147946005849365036120039187
1612,4129.88433671640035495480567513,2.56196298803746920282556183321
1613,4133.23273501352407073782532857,2.56245054867546439599369208219
1614,4136.58772016655886579721673636,2.56294158622463374584709834966
1615,4139.94837781076240544428055692,2.5634355280561996318540436885
1616,4143.3137677351875219567113256,2.5639317869648437635870738401
1617,4146.68292765064591221418603605,2.56442976354399870885231047375
1618,4150.05487706920324224060861712,2.56492884862126281967899172875
1619,4153.42862127770845158465677148,2.56542842574287118689602024181
1620,4156.8031553873866769433422663,2.56592787369591770181687794216
1621,4160.17746844113769890164176459,2.56642656905684003633660812127
1622,4163.5505475598821031596877799,2.56692388875455123499364228107
1623,4166.92138210908695267840652287,2.56741921263652923763302928088
1624,4170.28896786648276622854073392,2.56791192602615933881067779182
1625,4173.65231117195462479195852721,2.56840142225966438448735909367
1626,4177.0104330406524663127929355,2.56888710519105317731414079674
1627,4180.3623732205188198569061299,2.56936839165366860470615004911
1628,4183.70719417567566420582994948,2.56984471386712264386107490754
1629,4187.04398497744462207549657633,2.57031552177866459304818697135
1630,4190.37186508519473082232075876,2.57078028532834032565786549617
1631,4193.68998799971754530919365917,2.57123849662766250478797894493
1632,4196.99754477241789042698113833,2.57168967204192272697731687398
1633,4200.29376735427734373355611862,2.57213335416673444196788494711
1634,4203.57793176929325319943388367,2.57256911368989795177443934129
1635,4206.84936109791516382501921879,2.5729965511302233417890025803
1636,4210.10742825688896273604932172,2.57341529844553115081665606462
1637,4213.35155856287253785779812333,2.57382502050267106772009659336
1638,4216.58123206820064409998888579,2.57422541640305289627593949071
1639,4219.79598565824605084503722388,2.57461622065786824334657548742
1640,4222.99541490094370149623425359,2.57499720420789250091233795951
1641,4226.17917564020910008642672012,2.57536817528349122491555558813
1642,4229.34698532618578268876727172,2.57572898010120936826356106682
1643,4232.49862407649367288791152491,2.57607950339409231460006787883
1644,4235.63393546391433916800924403,2.57641966877367052260827812897
1645,4238.75282702723451384987718626,2.57674943892233101145889190654
1646,4241.85527050326944246886539451,2.57706881561559504402725722631
1647,4244.94130177939638265726790783,2.57737783957461832583926406061
1648,4248.0110205672394964995516985,2.57767659015002396632254350637
1649,4251.06458979945410562751522311,2.57796518483896549765161626629
1650,4254.1022347528544530109084238,2.57824377863809360788539904473
1651,4257.12424190240844317246624314,2.57851256323586217030434054703
1652,4260.13095751187910289985090197,2.5787717660483529678570526041
1653,4263.12278596811962337240541662,2.57902164910352064329849087515
1654,4266.10018786722086441819586525,2.57926250777945638719358879399
1655,4269.06367786186135067291701205,2.57949466940293737200780484112
1656,4272.01382228031450034647680261,2.57971849171516576107879033974
1657,4274.9512365286207644838849044,2.57993436121220323746764327362
1658,4277.8765822884284404292295326,2.58014269136817155635056063486
1659,4280.79056452394136307522689521,2.58034392074981396207066117855
1660,4283.69392831227998340815396142,2.58053851103149396590852648279
1661,4286.58745551236035647979846852,2.58072694492014470588789793409
1662,4289.47196128811946994195848793,2.58090972400007188323824217084
1663,4292.34829050256170706704381717,2.58108736650785430370838473672
1664,4295.21731399966699670208130825,2.5812604050478768009026930939
1665,4298.07992479168369828315016595,2.58142938425926948845834844802
1666,4300.93703416972625669111559102,2.58159485844521383955048955043
1667,4303.78956775590731644913196007,2.581757389175709248019875201
1668,4306.63846151545491668121272024,2.58191754287497297163142249415
1669,4309.48465774739664516245293089,2.58207588840467144707157155835
1670,4312.32910107243370258348558057,2.58223299465415191771466202429
1671,4315.17273443657865303872769597,2.5823894281487604147448998779
1672,4318.01649514899159528657652486,2.58254575068719593019532088807
1673,4320.86131097222140622121367659,2.58270251701866192840479000394
1674,4323.70809628274284668568496611,2.58286027257033622860554657474
1675,4326.55774831927837585425804368,2.58301955123539007513687047384
1676,4329.41114353590761296612355569,2.58318087323144845642370140554
1677,4332.26913407640004585841993924,2.58334474303899823843674414982
1678,4335.13254438556074591265497134,2.58351164742882046836272644299
1679,4338.00216797265782495610528548,2.58368205358705052111739445234
1680,4340.87876434120784571548100255,2.58385640734595705102111964437
1681,4343.76305609853540748517796539,2.58403513152798061123449016382
1682,4346.65572625760003582056289472,2.5842186244099881306899898304
1683,4349.55741574260197961401040738,2.58440725831408317267617968353
1684,4352.46872110884351494731395199,2.58460137833066717039626719239
1685,4355.3901924862390856316455085,2.58480130117877690541937418902
1686,4358.32233175474152109569520839,2.58500731420803174442212052692
1687,4361.26559095878831447962030332,2.58521967454581405719005352894
1688,4364.22037096667734581718637654,2.58543860839258136600544216619
1689,4367.18702037956147341759506855,2.58566431046747274921112792691
1690,4370.1658346935121854752751645,2.58589694360562851211554743462
1691,4373.15705571685018566866824592,2.5861366385078948466402532501
1692,4376.16087124368161994955582745,2.58638349364283783684961928336
1693,4379.17741498331890138108557011,2.58663757530024743141233642653
1694,4382.20676674401101462346160516,2.58689891779457556943533742925
1695,4385.24895286816600350865744492,2.58716752381602714071307223889
1696,4388.30394691502421824783563923,2.58744336492631144943858233445
1697,4391.3716705855408788253458439,2.58772638219536881486467050318
1698,4394.45199488306652504730216669,2.58801648697471526799016617591
1699,4397.54474150227974039394627445,2.58831356180240125979631917272
1700,4400.649684437733738329775752,2.58861746143396102254692691294
1701,4403.76655180233235358028965955,2.58892801399314071345108151649
1702,4406.89502784505681345101688114,2.58924502223563855079378195132
1703,4410.03475515632723532697525411,2.58956826491857148286962727781
1704,4413.18533704850667518894248461,2.58989749826790297839726671632
1705,4416.34634009824499421551449072,2.59023245753562756258974456934
1706,4419.51729683661873794634968845,2.5905728586381118041889505794
1707,4422.69770857235520310956485448,2.59091839986664042361427349413
1708,4425.88704833283709796785073923,2.59126876366091164986408122906
1709,4429.08476390707149298757253172,2.5916236184359692761776316745
1710,4432.29028097437551928936847744,2.5919826204528511808709757178
1711,4435.50300630218349991130100376,2.59234541572307627113460023598
1712,4438.72233099611746867394734405,2.59271164193698450273010942993
1713,4441.94763378528648916780566812,2.59308093040588820149901089791
1714,4445.17828432569054301495079232,2.59345290800798748133894445293
1715,4448.4136465046022849618548626,2.59382719912804797956959467207
1716,4451.6530817288844963578067334,2.59420342758093502118753306142
1717,4454.89595218037200413174638547,2.59458121850924403269175677663
1718,4458.141624021703131014899792,2.59496020024546165949644923865
1719,4461.38947053632593710448782356,2.59534000612933446021203480137
1720,4464.63887518682671440709639085,2.5957202762714108804692420877
1721,4467.88923457623010489818922588,2.59610065925405584247425289127
1722,4471.1399612974991296139257854,2.59648081376161389640762240732
1723,4474.39048665711625653781846466,2.59686041013181442631330148849
1724,4477.64026325934994401843945854,2.59723913182096864502229666969
1725,4480.88876743860106755815163216,2.59761667677600061887429080125
1726,4484.13550152807613181738945403,2.59799275870688072527079342644
1727,4487.37999595394473581005308261,2.59836710825358699236250902294
1728,4490.62181114510265784595929923,2.59873947404230477884604126113
1729,4493.86053924967415330925768851,2.5991096236261851667491368933
1730,4497.09580565044236893395463951,2.5994773443066140860889911211
1731,4500.32727027248971511441756914,2.59984244383159428949417537212
1732,4503.55462867745496106709861358,2.60020475096850748329509157828
1733,4506.77761293996492784139715156,2.60056411594920076620969252831
1734,4509.99599230297002551703638186,2.60092041078602654297406942437
1735,4513.20957360989849040621715059,2.60127352945815474951366982743
1736,4516.41820151273793586794905111,2.60162338796816701374881857783
1737,4519.621758456348610567881145,2.60196992426963074874374274324
1738,4522.82016444050442971850418659,2.60231309806703361894045120057
1739,4526.01337656233930292413546495,2.60265289049013185907080820296
1740,4529.20138834304147834091145679,2.60298930364542613697753531999
1741,4532.38422884378159577518304139,2.60332236004812268568362035692
1742,4535.5619615769750472162416303,2.60365210193856202480840506906
1743,4538.73468322006038504259062238,2.6039785904876995898121575573
1744,4541.90252214001737417664147047,2.60430190489679895308293662298
1745,4545.06563673784553656174015756,2.60462214139704615275744421637
1746,4548.22421362317159642587962088,2.60493941215531019268377985159
1747,4551.37846563004727060532486433,2.60525384409275745312268166247
1748,4554.52862968583280760199172053,2.60556557762347414622539572113
1749,4557.67496454583231299123640994,2.60587476532065884104701910231
1750,4560.81774840705028270858404785,2.60618157051831444726204802734
1751,4563.95727641507131928850290449,2.60648616585669407155254306367
1752,4567.09385807862351122856214722,2.60678873178003625070123410229
1753,4570.22781460686757268466892611,2.60708945499536085150294861729
1754,4573.35947618485612278239449086,2.60738852690128627296601738361
1755,4576.48917920292838911267952876,2.60768614199597059208699688248
1756,4579.61726345604352192784651275,2.60798249627337330405913810521
1757,4582.74406932920940109678820807,2.60827778561707990955992499037
1758,4585.86993498523253345022469993,2.60857220420092863108658970417
1759,4588.99519357099803355183907096,2.60886594290562707990439969924
1760,4592.12017045838685102558415283,2.60915918776044707444635463229
1761,4595.24518053575088175311886943,2.60945211841893860406196415073
1762,4598.37052556559633977076221469,2.60974490667740995446694790845
1763,4601.49649162377315975165212326,2.61003771504468131579787414819
1764,4604.62334663503505470327368198,2.61033069537133506502453156575
1765,4607.75133801932338888381984407,2.61062398754635886055740501081
1766,4610.88069046254086046150406978,2.61091771826870943400991170429
1767,4614.01160382492112697572105734,2.61121199990091744593985345634
1768,4617.14425119937132524540840867,2.61150692941140912061391878318
1769,4620.27877713136966616748922746,2.61180258741174090795222681032
1770,4623.41529601114398930321390716,2.61209903729443163237469712269
1771,4626.55389064794372246964351621,2.61239632447653513408788453767
1772,4629.69461103525178059075294019,2.61269447575352809288417208814
1773,4632.8374733147694977255440382,2.61299349876749548659083138082
1774,4635.98245894595190249106405328,2.61329338159298303409868323184
1775,4639.12951408677792396830286603,2.61359409244325516843284668509
1776,4642.27854919031604718461900321,2.61389557949905182836971790721
1777,4645.42943882049628135663963804,2.61419777086128096868691031966
1778,4648.5820216893299505102892769,2.61450057462841954471894784977
1779,4651.73610091663575868488966248,2.61480387909872723928324320544
1780,4654.891444512139887769484694,2.61510755309670780211768803033
1781,4658.04778607862566482829155672,2.61541144642258599934210643274
1782,4661.20482573362070901166082538,2.61571539042290724411428778079
1783,4664.36223124593253808555818419,2.61601919867971538871876510611
1784,4667.51963938218343346136372558,2.61632266781512524297161643811
1785,4670.67665745735790192143891081,2.61662557840748341844338314331
1786,4673.83286508226719269152937637,2.61692769601470727474329752316
1787,4676.98781609976075024614857596,2.61722877229981015682492925348
1788,4680.14104070047975687998956223,2.61752854625306474098433420706
1789,4683.2920477079583976428928679,2.61782674550472800315421624813
1790,4686.44032702193929196103860045,2.61812308772175379439164167623
1791,4689.58535220788555861907337597,2.61841728208145480659914761361
1792,4692.72658321984781568481312085,2.61870903081464721857411446476
1793,4695.8634692430843674256323231,2.61899803081042072918328629286
1794,4698.99545164214087848794883507,2.61928397527432601922405174753
1795,4702.12196699947562268752264395,2.61956655543146274244430230861
1796,4705.242450229171201116416162,2.61984546226568552400691323051
1797,4708.35633774980635689372445387,2.62012038828592451691359179403
1798,4711.46307070017468541705385995,2.62039102931044198299057500553
1799,4714.56209818123275879150865505,2.62065708625971804268566351031
1800,4717.65288050744014543781401288,2.62091826694857785857656334049
1801,4720.73489245051928093990220238,2.6211742878681395230093848986
1802,4723.80762645861497353329044513,2.62142487594817701083978382083
1803,4726.87059583387191159390554027,2.62166977029055569139983668346
1804,4729.92333785157384783507240267,2.62190872386450878483097139837
1805,4732.96541680419969471526287137,2.62214150515468127131039494259
1806,4735.99642695404867118780521041,2.62236789975307235392458760266
1807,4739.0159953784675543362573343,2.62258771188625763936704888451
1808,4742.02378469217624755016592949,2.62280076586956650860075549198
1809,4745.01949563173110012203850772,2.62300690748022725269322195009
1810,4748.00286948778611603778655296,2.62320600524187078234131853755
1811,4750.97369037150739364688842903,2.62339795161320121129038565932
1812,4753.93178730226248565137188,2.62358266407409629450958713024
1813,4756.87703610454014127785871548,2.62376008610289031510085974378
1814,4759.80936110295302682662937578,2.62393018803911412724731498114
1815,4762.72873660513213077098646007,2.62409296782651908031459309095
1816,4765.63518816333195721283048814,2.62424845163179072533746172254
1817,4768.5287936066253303182636064,2.62439669433496165675193374045
1818,4771.40968383667045209763555054,2.62453777988815756441014056685
1819,4774.27804338117532846243063377,2.62467182153995345160111634622
1820,4777.1341107003601550755333479,2.62479896192327481048106227906
1821,4779.97817824292091372104761127,2.62491937300544805805658847406
1822,4782.81059224922130680059642167,2.62503325589968238573029441365
1823,4785.63175230067917334676326085,2.62514084053794798318527880464
1824,4788.44211061556152238482301379,2.62524238520589995744781963476
1825,4791.24217109265307361654653409,2.62533817594117976636523097759
1826,4794.03248810551047463169537288,2.62542852579710321721341477157
1827,4796.81366505125194107762508609,2.62551377397441266616180902358
1828,4799.58635265905375499993687052,2.62559428482442765590806174536
1829,4802.35124706472474209072936577,2.62567044672756956921308330551
1830,4805.1090876589015182638619063,2.62574267085185875314965131492
1831,4807.86065471754506959316624822,2.62581138979658387197879096025
1832,4810.60676682451738880643884629,2.62587705612691997205591640081
1833,4813.34827809706990834728696087,2.62594014080582100837276975497
1834,4816.08607522607803488205084914,2.62600113153003164388334288394
1835,4818.8210743438031383558614698,2.62606053097754939419937954758
1836,4821.55421773285008599972108223,2.62611885497431921895409645001
1837,4824.28647039081033828646957547,2.62617663058835619939383210423
1838,4827.01881646583355713900540575,2.62623439415986591792111284317
1839,4829.75225557905077239945797449,2.62629268927626469407257094861
1840,4832.4877990503759240594461257,2.62635206470129126307578593788
1841,4835.2264660447369337533396265,2.62641307226764635184863640766
1842,4837.96927965622963936886060628,2.62647626474279567826756819016
1843,4840.71726294804563612364101971,2.62654219367772416501554043392
1844,4843.47143496629640765654499034,2.62661140724853384363153199042
1845,4846.23280674603962967482538148,2.62668444810083448762863164308
1846,4849.00237732790814871805087916,2.62676185120688415423513048709
1847,4851.78112980374728149868957772,2.6268441417453964707626906214
1848,4854.57002740958159080253121026,2.62693183301384285216587186703
1849,4857.37000968405846079092363389,2.6270254243829412984266758431
1850,4860.18198871025334927844116708,2.62712539930283964825861684707
1851,4863.00684545837170818117604302,2.62723222337027104709950083361
1852,4865.84542624644684080193842883,2.62734634246568403930990195941
1853,4868.69853933561343714033912249,2.62746818096903045717233627765
1854,4871.56695167593564360352676188,2.62759814006253270960276524373
1855,4874.45138581808913347253500725,2.62773659612834993718195957264
1856,4877.35251700544199196126091013,2.6278838992486217629101621283
1857,4880.27097046025293211420845338,2.62804037181489118584502339977
1858,4883.2073188768113895171674629,2.62820630725339687272183394128
1859,4886.16208013338671667313701307,2.62838196887218220369722270741
1860,4889.13571523383763997953629913,2.62856758883539658063415930061
1861,4892.12862648866327501561214028,2.62876336726956650994928110708
1862,4895.14115594415850995819917309,2.62896947150599275507959139264
1863,4898.17358406717489658873038042,2.62918603546278845764290412261
1864,4901.22612869178898445355324969,2.62941315916941469123044702237
1865,4904.29894423294913601304458544,2.62965090843589766006061371873
1866,4907.39212117091526871671943822,2.62989931466822897573243271073
1867,4910.50568580902981378842221072,2.63015837483076047872973873097
1868,4913.63960030606869094973311554,2.63042805155571129065831537234
1869,4916.79376298312457230422307236,2.63070827339921057908198131212
1870,4919.9680089036774840187726628,2.63099893524260828022394260043
1871,4923.16211072421621467171179761,2.6312998988371011302360832697
1872,4926.37577981149438270027806587,2.63161099348904614460484939416
1873,4929.60866762124362458123669307,2.63193201688267144932260368023
1874,4932.86036733192937529141805496,2.63226273603624833259947601652
1875,4936.13041572592818044552944377,2.63260288838716169623761570334
1876,4939.41829530933531464443451831,2.63295218300071178818999707799
1877,4942.72343666048341515371269265,2.6333103018969011268799747963
1878,4946.04522099617240062412306513,2.63367690148890969149314327216
1879,4949.38298294358342469270474691,2.63405161412644141814406851884
1880,4952.73601350488004821082916241,2.63443404973663832351639849064
1881,4956.10356320059295151667340906,2.63482379755480752340067698515
1882,4959.48484537704479175607525157,2.63522042793679319434435454387
1883,4962.87903966230335203417956181,2.63562349424445212535006880606
1884,4966.28529555445769114364319892,2.63603253479535970867496985081
1885,4969.70273612539697780123733683,2.63644707486758460360808346781
1886,4973.13046182273808897480484639,2.63686662875012624017752112746
1887,4976.56755435209847451434091567,2.63729070182941095628740907031
1888,4980.01308062154743276977936687,2.6377187927020908012551797494
1889,4983.46609672979357249131606939,2.6381503953042845804612578451
1890,4986.92565197948019004719461076,2.63858500104734401589798656654
1891,4990.39079289686446288728028433,2.63902210095021917656651522175
1892,4993.86056723915120086134327364,2.63946118775853657550810955266
1893,4997.33402797083741046994479565,2.63990175804059028550974368497
1894,5000.81023719059967073423088243,2.64034331425058060756823172251
1895,5004.28826999052140601916009726,2.64078536674961551768821113312
1896,5007.76721822981024368880377803,2.64122743577521637325358849052
1897,5011.24619420559500231560040645,2.64166905335034001176362699339
1898,5014.72433420391528400194056487,2.64210976512324303688194971806
1899,5018.20080191462154303968108326,2.64254913212986916431789419866
1900,5021.67479169458687251916542858,2.64298673247083519606271864662
1901,5025.14553166439020444030440269,2.64342216289552351627580452535
1902,5028.6122866244604019726367058,2.64385504028625678337152297887
1903,5032.07436077756772876605491244,2.64428500303603138663481603386
1904,5035.53110024550897343083108393,2.64471171231381773814644489702
1905,5038.98189536885034310554700426,2.6451348532119949307640666689
1906,5042.42618277966308940715326252,2.64555413577107192518738366344
1907,5045.86344723830540433692460865,2.64596929587745432844096728298
1908,5049.2932232264649008141259148,2.64638009603064198155876620273
1909,5052.71509628987324433333821495,2.64678632597688488440719655052
1910,5056.12870412533232311844936652,2.64718780320698027388400490394
1911,5059.53373740794368012657361735,2.64758437331655870231636505356
1912,5062.92994035570360914858931281,2.64797591022787845666767223473
1913,5066.31711102990907924786356705,2.64836231627282231011388581654
1914,5069.69510137110818049028849446,2.64874352213746508907538583828
1915,5073.06381697161673771307978141,2.64911948666925156016348813651
1916,5076.42321658690378251715574522,2.64949019654848840423651134928
1917,5079.77331138941640890888106069,2.64985566582650829885700629144
1918,5083.11416396966293603492594121,2.65021593533350518041445565235
1919,5086.44588709059613289882989686,2.65057107195966447780032824224
1920,5089.76864220252952550697470437,2.65092116781381746120154932519
1921,5093.08263772697366699740205228,2.65126633926443189328339513393
1922,5096.3881271188900550404269528,2.65160672586830908170677781103
1923,5099.68540671792269385987638757,2.65194248919288751630778803306
1924,5102.97481340017592979017258367,2.65227381153855297806142026178
1925,5106.25672204305721768517838118,2.65260089456782193126502773048
1926,5109.53154281659027251558238159,2.6529239578486969223860760029
1927,5112.79971831542331422242136385,2.65324323731988755278797164704
1928,5116.06172054650484999469108984,2.65355898368594649895990201755
1929,5119.31804778807203941838137481,2.65387146075068534962072647735
1930,5122.56922133619091215935169939,2.65418094369750824464215113958
1931,5125.81578215560070362310395526,2.65448771732553117743299013737
1932,5129.05828745204389485962881379,2.65479207425054031825032547298
1933,5132.29730718360715913552846732,2.65509431307998301041672450456
1934,5135.53342052885472604638824679,2.65539473657127958947589878324
1935,5138.76721232970350619171745456,2.6556936497827925096598023021
1936,5141.99926952706794670366021779,2.6559913582267912947849484596
1937,5145.23017760729172514148288453,2.65628816603370765366106498943
1938,5148.46051707728319586352392955,2.6565843741368850339853064652
1939,5151.69085998608258195689614418,2.65688027848689148115363390623
1940,5154.92176651031230045556568783,2.65717616830428469095647715867
1941,5158.1537816205989971125222561,2.65747232437949458892968689134
1942,5161.38743184560875490774485946,2.65776901742822283980831352186
1943,5164.62322214980785083660679822,2.65806650651045180176871168205
1944,5167.86163294045309716889594425,2.65836503752080920636260079437
1945,5171.10311721863133708399424217,2.65866484175765107305089678261
1946,5174.34809788841056734556511799,2.65896613457780604694016706988
1947,5177.59696523733928800199117721,2.65926911414347164252798725075
1948,5180.85007460064022564358922484,2.65957396026726910967330042343
1949,5184.10774422049405520612061575,2.65988083336095128538025685775
1950,5187.37025331080296373250670608,2.66018987349271946858077266979
1951,5190.63784033676793715898854652,2.66050119955754379147052206383
1952,5193.91070151751283308055956539,2.6608149085642996071109424003
1953,5197.18898955884817261094742554,2.66113107504293301208957881492
1954,5200.4728126220938781767443363,2.66144975057425479947632770537
1955,5203.76223353367879919621044684,2.66177096344433698168604114928
1956,5207.05726923901183492133842617,2.66209471842485267634015256961
1957,5210.357890502880916930858915,2.66242099668006178688342305314
1958,5213.66402185738825867407680029,2.66274975580050472863844576113
1959,5216.97554179717936303852546849,2.66308092996282764830960973379
1960,5220.29228322047555802699742688,2.66341443021452834593214154432
1961,5223.61403411318154082972975773,2.66375014488178558940832726044
1962,5226.94053847211673495166516321,2.66408794009791882515375390582
1963,5230.27149746221830337088331138,2.66442766044942348617976735169
1964,5233.60657080139039898549087423,2.6647691297359421583429179604
1965,5236.9453783655345142845886002,2.66511215183996667393617740468
1966,5240.2875020051952849800694557,2.665456511701523542716210303
1967,5243.63248756420027603905301197,2.66580197639257766956738841483
1968,5246.97984708966637377051158711,2.66614829628539958016794287963
1969,5250.32906122179441071090664443,2.66649520630868177283438631002
1970,5253.67958175098226835773965722,2.66684242728476257277042622194
1971,5257.0308343289593412367689622,2.66718966734092305491464686058
1972,5260.38222131988598500112071304,2.66753662338736611815472652791
1973,5263.73312477667414738376119409,2.66788298265416834636784652514
1974,5267.08290952717316698726470277,2.66822842427921639665008343606
1975,5270.43092635433071454311299456,2.66857262093890162761676607319
1976,5273.77651525398564340307745416,2.66891524051315062925256956182
1977,5277.11900875357930239468902673,2.66925594777621613677020183446
1978,5280.4577352747864185541961025,2.6695944061045431843044469679
1979,5283.79202252286732678349049527,2.66993027919295974066876730433
1980,5287.12120088543102215940923424,2.67026323277041970816131779507
1981,5290.44460682327371497084385685,2.67059293630654907368543354712
1982,5293.76158623602031546050516937,2.67091906470031297450075941946
1983,5297.071497785446162022734742,2.67124129994223205346582689965
1984,5300.37371615959249326253575399,2.67155933274173008732990713407
1985,5303.66763526111037799508725786,2.6718728641113906186373235556
1986,5306.95267130367235884982042353,2.67218160690013713940071521829
1987,5310.22826580077681802591198938,2.67248528726762799095415802183
1988,5313.49388843183451464708778027,2.6727836460924720898627202114
1989,5316.74903977106695500646595775,2.6730764403072232051314559868
1990,5319.9932538654589437427385111,2.67336344415349695665464246789
1991,5323.22610064878916738893510071,2.67364445035097396654391516861
1992,5326.44718817960897984489071078,2.67391927117450249992213389095
1993,5329.65616469194636678356736116,2.67418773943399215593756515863
1994,5332.85272044847473590185378464,2.67444970935229425070303600032
1995,5336.03658938689980719284910599,2.67470505733679188330468626867
1996,5339.20755055137730357186360049,2.67495368264097059297187555135
1997,5342.36542930187398138295266108,2.67519550791280619999146352583
1998,5345.51009829551920648601676049,2.67543047962738699023324162187
1999,5348.64147823515801666131971891,2.67565856840177989827979975934
2000,5351.75953838150351381069828157,2.67587976919075175690534914079
